id,id Barang (isi id berdasarkan id di Sheet Barang),Quantity (isi jumlah barang berdasarkan satuan unit di Sheet Barang)
,INV/BLV-KUPB/001,2
,INV/BLV-KUPB/002,1
,INV/BLV-KUPB/003,1
,INV/BLV-KUPB/004,1
,INV/BLV-KUPB/005,2
,INV/BLV-KUPB/006,1
,INV/BLV-KUPB/007,5
,INV/BLV-KUPB/008,4
,INV/BLV-KUPB/009,1
,INV/BLV-KUPB/010,1
,INV/BLV-KUPB/011,1
,INV/BLV-KUPB/012,1
,INV/BLV-KUPB/013,1
,INV/BLV-KUPB/014,1
,INV/BLV-KUPB/015,2
,INV/BLV-KUPB/016,1
,INV/BLV-KUPB/017,1
,INV/BLV-KUPB/018,1
,INV/BLV-KUPB/019,1
,INV/BLV-KUPB/020,1
,INV/BLV-KUPB/021,1
,INV/BLV-KUPB/022,1
,INV/BLV-KUPB/023,1
,INV/BLV-KUPB/024,1
,INV/BLV-KUPB/025,1
,INV/BLV-KUPB/026,1
,INV/BLV-KUPB/027,1
,INV/BLV-KUPB/028,1
,INV/BLV-KUPB/029,2
,INV/BLV-KUPB/030,2
,INV/BLV-KUPB/031,1
,INV/BLV-KUPB/032,1
,INV/BLV-KUPB/033,1
,INV/BLV-KUPB/034,1
,INV/BLV-KUPB/035,1
,INV/BLV-KUPB/036,1
,INV/BLV-KUPB/037,2
,INV/BLV-KUPB/038,1
,INV/BLV-KUPB/039,1
,INV/BLV-KUPB/040,1
,INV/BLV-KUPB/041,6
,INV/BLV-KUPB/042,1
,INV/BLV-KUPB/043,1
,INV/BLV-KUPB/044,2
,INV/BLV-KUPB/045,1
,INV/BLV-KUPB/046,1
,INV/BLV-KUPB/047,2
,INV/BLV-KUPB/048,1
,INV/BLV-KUPB/049,1
,INV/BLV-KUPB/050,1
,INV/BLV-KUPB/051,1
,INV/BLV-KUPB/052,1
,INV/BLV-KUPB/053,2
,INV/BLV-KUPB/054,1
,INV/BLV-KUPB/055,1
,INV/BLV-KUPB/056,1
,INV/BLV-KUPB/057,1
,INV/BLV-KUPB/058,1
,INV/BLV-KUPB/059,1
,INV/BLV-KUPB/060,1
,INV/BLV-KUPB/061,1
,INV/BLV-KUPB/062,1
,INV/BLV-KUPB/063,1
,INV/BLV-KUPB/064,1
,INV/BLV-KUPB/065,1
,INV/BLV-KUPB/066,7
,INV/BLV-KUPB/067,1
,INV/BLV-KUPB/068,1
,INV/BLV-KUPB/069,1
,INV/BLV-KUPB/070,2
,INV/BLV-KUPB/071,4
,INV/BLV-KUPB/072,1
,INV/BLV-KUPB/073,2
,INV/BLV-KUPB/074,1
,INV/BLV-KUPB/075,1
,INV/BLV-KUPB/076,1
,INV/BLV-KUPB/077,1
,INV/BLV-KUPB/078,1
,INV/BLV-KUPB/079,1
,INV/BLV-KUPB/080,1
,INV/BLV-KUPB/081,1
,INV/BLV-KUPB/082,1
,INV/BLV-KUPB/083,1
,INV/BLV-KUPB/084,2
,INV/BLV-KUPB/085,1
,INV/BLV-KUPB/086,1
,INV/BLV-KUPB/087,1
,INV/BLV-KUPB/088,1
,INV/BLV-KUPB/089,1
,INV/BLV-KUPB/090,2
,INV/BLV-KUPB/091,1
,INV/BLV-KUPB/092,1
,INV/BLV-KUPB/093,1
,INV/BLV-KUPB/094,1
,INV/BLV-KUPB/095,1
,INV/BLV-KUPB/096,1
,INV/BLV-KUPB/097,1
,INV/BLV-KUPB/098,1
,INV/BLV-KUPB/099,1
,INV/BLV-KUPB/100,5
,INV/BLV-KUPB/101,2
,INV/BLV-KUPB/102,2
,INV/BLV-KUPB/103,1
,INV/BLV-KUPB/104,1
,INV/BLV-KUPB/105,2
,INV/BLV-KUPB/106,1
,INV/BLV-KUPB/107,1
,INV/BLV-KUPB/108,1
,INV/BLV-KUPB/109,1
,INV/BLV-KUPB/110,1
,INV/BLV-KUPB/111,1
,INV/BLV-KUPB/112,6
,INV/BLV-KUPB/113,1
,INV/BLV-KUPB/114,1
,INV/BLV-KUPB/115,1
,INV/BLV-KUPB/116,1
,INV/BLV-KUPB/117,1
,INV/BLV-KUPB/118,2
,INV/BLV-KUPB/119,1
,INV/BLV-KUPB/120,1
,INV/BLV-KUPB/121,1
,INV/BLV-KUPB/122,1
,INV/BLV-KUPB/123,1
,INV/BLV-KUPB/124,1
,INV/BLV-KUPB/125,1
,INV/BLV-KUPB/126,1
,INV/BLV-KUPB/127,1
,INV/BLV-KUPB/128,1
,INV/BLV-KUPB/129,1
,INV/BLV-KUPB/130,1
,INV/BLV-KUPB/131,1
,INV/BLV-KUPB/132,1
,INV/BLV-KUPB/133,1
,INV/BLV-KUPB/134,1
,INV/BLV-KUPB/135,1
,INV/BLV-KUPB/136,1
,INV/BLV-KUPB/137,1
,INV/BLV-KUPB/138,1
,INV/BLV-KUPB/139,1
,INV/BLV-KUPB/140,1
,INV/BLV-KUPB/141,1
,INV/BLV-KUPB/142,1
,INV/BLV-KUPB/143,1
,INV/BLV-KUPB/144,1
,INV/BLV-KUPB/145,1
,INV/BLV-KUPB/146,1
,INV/BLV-KUPB/147,1
,INV/BLV-KUPB/148,1
,INV/BLV-KUPB/149,1
,INV/BLV-KUPB/150,1
,INV/BLV-KUPB/151,1
,INV/BLV-KUPB/152,1
,INV/BLV-KUPB/153,1
,INV/BLV-KUPB/154,1
,INV/BLV-KUPB/155,1
,INV/BLV-KUPB/156,1
,INV/BLV-KUPB/157,1
,INV/BLV-KUPB/158,1
,INV/BLV-KUPB/159,1
,INV/BLV-KUPB/160,1
,INV/BLV-KUPB/161,1
,INV/BLV-KUPB/162,1
,INV/BLV-KUPB/163,1
,INV/BLV-KUPB/164,5
,INV/BLV-KUPB/165,5
,INV/BLV-KUPB/166,1
,INV/BLV-KUPB/167,1
,INV/BLV-KUPB/168,1
,INV/BLV-KUPB/169,1
,INV/BLV-KUPB/170,1
,INV/BLV-KUPB/171,1
,INV/BLV-KUPB/172,1
,INV/BLV-KUPB/173,1
,INV/BLV-KUPB/174,1
,INV/BLV-KUPB/175,1
,INV/BLV-KUPB/176,1
,INV/BLV-KUPB/177,1
,INV/BLV-KUPB/178,1
,INV/BLV-KUPB/179,1
,INV/BLV-KUPB/180,1
,INV/BLV-KUPB/181,1
,INV/BLV-KUPB/182,1
,INV/BLV-KUPB/183,1
,INV/BLV-KUPB/184,1
,INV/BLV-KUPB/185,2
,INV/BLV-KUPB/186,1
,INV/BLV-KUPB/187,1
,INV/BLV-KUPB/188,1
,INV/BLV-KUPB/189,1
,INV/BLV-KUPB/190,1
,INV/BLV-KUPB/191,1
,INV/BLV-KUPB/192,2
,INV/BLV-KUPB/193,1
,INV/BLV-KUPB/194,4
,INV/BLV-KUPB/195,1
,INV/BLV-KUPB/196,1
,INV/BLV-KUPB/197,1
,INV/BLV-KUPB/198,1
,INV/BLV-KUPB/199,1
,INV/BLV-KUPB/200,1
,INV/BLV-KUPB/201,1
,INV/BLV-KUPB/202,1
,INV/BLV-KUPB/203,1
,INV/BLV-KUPB/204,1
,INV/BLV-KUPB/205,6
,INV/BLV-KUPB/206,1
,INV/BLV-KUPB/207,2
,INV/BLV-KUPB/208,1
,INV/BLV-KUPB/209,1
,INV/BLV-KUPB/210,1
,INV/BLV-KUPB/211,1
,INV/BLV-KUPB/212,2
,INV/BLV-KUPB/213,1
,INV/BLV-KUPB/214,1
,INV/BLV-KUPB/215,1
,INV/BLV-KUPB/216,2
,INV/BLV-KUPB/217,1
,INV/BLV-KUPB/218,1
,INV/BLV-KUPB/219,1
,INV/BLV-KUPB/220,14
,INV/BLV-KUPB/221,2
,INV/BLV-KUPB/222,2
,INV/BLV-KUPB/223,1
,INV/BLV-KUPB/224,1
,INV/BLV-KUPB/225,1
,INV/BLV-KPBS/001,1
,INV/BLV-KPBS/002,1
,INV/BLV-KPBS/003,1
,INV/BLV-KPBS/004,1
,INV/BLV-KPBS/005,1
,INV/BLV-KPBS/006,1
,INV/BLV-KPBS/007,1
,INV/BLV-KPBS/008,1
,INV/BLV-KPBS/009,1
,INV/BLV-KPBS/010,1
,INV/BLV-KPBS/011,1
,INV/BLV-KPBS/012,1
,INV/BLV-KPBS/013,1
,INV/BLV-KPBS/014,2
,INV/BLV-KPBS/015,1
,INV/BLV-KPBS/016,1
,INV/BLV-KPBS/017,1
,INV/BLV-KPBS/018,1
,INV/BLV-KPBS/019,1
,INV/BLV-KPBS/020,1
,INV/BLV-KPBS/021,1
,INV/BLV-KPBS/022,3
,INV/BLV-KPBS/023,1
,INV/BLV-KPBS/024,2
,INV/BLV-KPBS/025,2
,INV/BLV-KPBS/026,4
,INV/BLV-KPBS/027,1
,INV/BLV-KPBS/028,1
,INV/BLV-KPBS/029,1
,INV/BLV-KPBS/030,1
,INV/BLV-KPBS/031,1
,INV/BLV-KPBS/032,2
,INV/BLV-KPBS/033,1
,INV/BLV-KPBS/034,1
,INV/BLV-KPBS/035,1
,INV/BLV-KPBS/036,1
,INV/BLV-KPBS/037,5
,INV/BLV-KPBS/038,1
,INV/BLV-KPBS/039,1
,INV/BLV-KPBS/040,1
,INV/BLV-KPBS/041,5
,INV/BLV-KPBS/042,1
,INV/BLV-KPBS/043,1
,INV/BLV-KPBS/044,1
,INV/BLV-KPBS/045,1
,INV/BLV-KPBS/046,1
,INV/BLV-KPBS/047,1
,INV/BLV-KPBS/048,1
,INV/BLV-KPBS/049,1
,INV/BLV-KPBS/050,1
,INV/BLV-KPBS/051,1
,INV/BLV-KPBS/052,2
,INV/BLV-KPBS/053,2
,INV/BLV-KPBS/054,1
,INV/BLV-KPBS/055,2
,INV/BLV-KPBS/056,4
,INV/BLV-KPBS/057,1
,INV/BLV-KPBS/058,1
,INV/BLV-KPBS/059,1
,INV/BLV-KPBS/060,1
,INV/BLV-KPBS/061,1
,INV/BLV-KPBS/062,1
,INV/BLV-KPBS/063,1
,INV/BLV-KPBS/064,1
,INV/BLV-KPBS/065,1
,INV/BLV-KPBS/066,1
,INV/BLV-KPBS/067,1
,INV/BLV-KPBS/068,1
,INV/BLV-KPBS/069,1
,INV/BLV-KPBS/070,1
,INV/BLV-KPBS/071,1
,INV/BLV-KPBS/072,1
,INV/BLV-KPBS/073,1
,INV/BLV-KPBS/074,2
,INV/BLV-KPBS/075,1
,INV/BLV-KPBS/076,1
,INV/BLV-KPBS/077,1
,INV/BLV-KPBS/078,1
,INV/BLV-KPBS/079,1
,INV/BLV-KPBS/080,2
,INV/BLV-KPBS/081,1
,INV/BLV-KPBS/082,1
,INV/BLV-KPBS/083,1
,INV/BLV-KPBS/084,1
,INV/BLV-KPBS/085,1
,INV/BLV-KPBS/086,2
,INV/BLV-KPBS/087,1
,INV/BLV-KPBS/088,1
,INV/BLV-KPBS/089,1
,INV/BLV-KPBS/090,1
,INV/BLV-KPBS/091,1
,INV/BLV-KPBS/092,1
,INV/BLV-KPBS/093,1
,INV/BLV-KPBS/094,1
,INV/BLV-KPBS/095,1
,INV/BLV-KPBS/096,1
,INV/BLV-KPBS/097,1
,INV/BLV-KPBS/098,2
,INV/BLV-KPBS/099,1
,INV/BLV-KPBS/100,1
,INV/BLV-KPBS/101,1
,INV/BLV-KPBS/102,1
,INV/BLV-KPBS/103,1
,INV/BLV-KPBS/104,1
,INV/BLV-KPBS/105,1
,INV/BLV-KPBS/106,1
,INV/BLV-KPBS/107,2
,INV/BLV-KPBS/108,1
,INV/BLV-KPBS/109,1
,INV/BLV-KPBS/110,1
,INV/BLV-KPBS/111,1
,INV/BLV-KPBS/112,1
,INV/BLV-KPBS/113,1
,INV/BLV-KPBS/114,1
,INV/BLV-KPBS/115,1
,INV/BLV-KPBS/116,1
,INV/BLV-KPBS/117,1
,INV/BLV-KPBS/118,1
,INV/BLV-KPBS/119,1
,INV/BLV-KPBS/120,1
,INV/BLV-KPBS/121,1
,INV/BLV-KPBS/122,1
,INV/BLV-KPBS/123,1
,INV/BLV-KPBS/124,1
,INV/BLV-KPBS/125,1
,INV/BLV-KPBS/126,1
,INV/BLV-KPBS/127,1
,INV/BLV-KPBS/128,1
,INV/BLV-KPBS/129,1
,INV/BLV-KPBS/130,1
,INV/BLV-KPBS/131,1
,INV/BLV-KPBS/132,1
,INV/BLV-KPBS/133,1
,INV/BLV-KPBS/134,1
,INV/BLV-KPBS/135,1
,INV/BLV-KPBS/136,1
,INV/BLV-KPBS/137,3
,INV/BLV-KPBS/138,1
,INV/BLV-KPBS/139,1
,INV/BLV-KPBS/140,10
,INV/BLV-KPBS/141,1
,INV/BLV-KPBS/142,3
,INV/BLV-KPBS/143,2
,INV/BLV-KPBS/144,1
,INV/BLV-KPBS/145,1
,INV/BLV-KPBS/146,2
,INV/BLV-KPBS/147,3
,INV/BLV-KPBS/148,1
,INV/BLV-KPBS/149,1
,INV/BLV-KPBS/150,1
,INV/BLV-KPBS/151,1
,INV/BLV-KPBS/152,1
,INV/BLV-KPBS/153,1
,INV/BLV-KPBS/154,1
,INV/BLV-KPBS/155,1
,INV/BLV-KPBS/156,1
,INV/BLV-KPBS/157,1
,INV/BLV-KPBS/158,1
,INV/BLV-KPBS/159,1
,INV/BLV-KPBS/160,1
,INV/BLV-KPBS/161,1
,INV/BLV-KPBS/162,1
,INV/BLV-KPBS/163,1
,INV/BLV-KPBS/164,1
,INV/BLV-KPBS/165,1
,INV/BLV-KPBS/166,1
,INV/BLV-KPBS/167,1
,INV/BLV-KPBS/168,1
,INV/BLV-KPBS/169,1
,INV/BLV-KPBS/170,1
,INV/BLV-KPBS/171,1
,INV/BLV-KPBS/172,1
,INV/BLV-KPBS/173,1
,INV/BLV-KPBS/174,1
,INV/BLV-KPBS/175,1
,INV/BLV-KPBS/176,2
,INV/BLV-KPBS/177,1
,INV/BLV-KPBS/178,1
,INV/BLV-KPBS/179,1
,INV/BLV-KPBS/180,1
,INV/BLV-KPBS/181,3
,INV/BLV-KPBS/182,1
,INV/BLV-KPBS/183,1
,INV/BLV-KPBS/184,1
,INV/BLV-KPBS/185,1
,INV/BLV-KPBS/186,1
,INV/BLV-KPBS/187,1
,INV/BLV-KPBS/188,2
,INV/BLV-KPBS/189,1
,INV/BLV-KPBS/190,1
,INV/BLV-KPBS/191,1
,INV/BLV-KPBS/192,1
,INV/BLV-KPBS/193,1
,INV/BLV-KPBS/194,1
,INV/BLV-KPBS/195,1
,INV/BLV-KPBS/196,4
,INV/BLV-KPBS/197,1
,INV/BLV-KPBS/198,1
,INV/BLV-KPBS/199,1
,INV/BLV-KPBS/200,1
,INV/BLV-KPBS/201,1
,INV/BLV-KPBS/202,1
,INV/BLV-KPBS/203,1
,INV/BLV-KPBS/204,1
,INV/BLV-KPBS/205,1
,INV/BLV-KPBS/206,1
,INV/BLV-KPBS/207,1
,INV/BLV-KPBS/208,1
,INV/BLV-KPBS/209,1
,INV/BLV-KPBS/210,1
,INV/BLV-KPBS/211,1
,INV/BLV-KPBS/212,1
,INV/BLV-KPBS/213,1
,INV/BLV-KPBS/214,1
,INV/BLV-KPBS/215,1
,INV/BLV-KPBS/216,1
,INV/BLV-KPBS/217,1
,INV/BLV-KPBS/218,1
,INV/BLV-KPBS/219,1
,INV/BLV-KPBS/220,1
,INV/BLV-KPBS/221,1
,INV/BLV-KPBS/222,1
,INV/BLV-KPBS/223,2
,INV/BLV-KPBS/224,2
,INV/BLV-KPBS/225,1
,INV/BLV-KPBS/226,2
,INV/BLV-KPBS/227,1
,INV/BLV-KPBS/228,4
,INV/BLV-KPBS/229,2
,INV/BLV-KPBS/230,1
,INV/BLV-KPBS/231,1
,INV/BLV-KPBS/232,1
,INV/BLV-KPBS/233,1
,INV/BLV-KPBS/234,2
,INV/BLV-KPBS/235,2
,INV/BLV-KPBS/236,1
,INV/BLV-KPBS/237,1
,INV/BLV-KPBS/238,1
,INV/BLV-KPBS/239,1
,INV/BLV-KPBS/240,1
,INV/BLV-KPBS/241,1
,INV/BLV-KPBS/242,1
,INV/BLV-KPBS/243,1
,INV/BLV-KPBS/244,1
,INV/BLV-KPBS/245,1
,INV/BLV-KPBS/246,1
,INV/BLV-KPBS/247,1
,INV/BLV-KPBS/248,1
,INV/BLV-KPBS/249,1
,INV/BLV-KPBS/250,3
,INV/BLV-KPBS/251,1
,INV/BLV-KPBS/252,1
,INV/BLV-KPBS/253,1
,INV/BLV-KPBS/254,2
,INV/BLV-KPBS/255,1
,INV/BLV-KPBS/256,1
,INV/BLV-KPBS/257,1
,INV/BLV-KPBS/258,2
,INV/BLV-KPBS/259,1
,INV/BLV-KPBS/260,1
,INV/BLV-KPBS/261,1
,INV/BLV-KPBS/262,1
,INV/BLV-KPBS/263,1
,INV/BLV-KPBS/264,1
,INV/BLV-KPBS/265,1
,INV/BLV-KPBS/266,1
,INV/BLV-KPBS/267,1
,INV/BLV-KPBS/268,2
,INV/BLV-KPBS/269,1
,INV/BLV-KPBS/270,1
,INV/BLV-KPBS/271,1
,INV/BLV-KPBS/272,1
,INV/BLV-KPBS/273,1
,INV/BLV-KPBS/274,1
,INV/BLV-KPBS/275,1
,INV/BLV-KPBS/276,1
,INV/BLV-KPBS/277,1
,INV/BLV-KPBS/278,1
,INV/BLV-KPBS/279,1
,INV/BLV-KPBS/280,1
,INV/BLV-KPBS/281,1
,INV/BLV-KPBS/282,1
,INV/BLV-KPBS/283,2
,INV/BLV-KPBS/284,1
,INV/BLV-KPBS/285,1
,INV/BLV-KPBS/286,1
,INV/BLV-KPBS/287,1
,INV/BLV-KPBS/288,1
,INV/BLV-KPBS/289,1
,INV/BLV-KPBS/290,1
,INV/BLV-KPBS/291,1
,INV/BLV-KPBS/292,1
,INV/BLV-KPBS/293,1
,INV/BLV-KPBS/294,1
,INV/BLV-KPBS/295,1
,INV/BLV-KPBS/296,1
,INV/BLV-KPBS/297,1
,INV/BLV-KPBS/298,1
,INV/BLV-KPBS/299,1
,INV/BLV-KPBS/300,2
,INV/BLV-KPBS/301,1
,INV/BLV-KPBS/302,1
,INV/BLV-KPBS/303,1
,INV/BLV-KPBS/304,1
,INV/BLV-KPBS/305,1
,INV/BLV-KPBS/306,1
,INV/BLV-KPBS/307,1
,INV/BLV-KPBS/308,1
,INV/BLV-KPBS/309,1
,INV/BLV-KPBS/310,1
,INV/BLV-KPBS/311,1
,INV/BLV-KPBS/312,1
,INV/BLV-KPBS/313,1
,INV/BLV-KPBS/314,1
,INV/BLV-KPBS/315,1
,INV/BLV-KPBS/316,1
,INV/BLV-KPBS/317,1
,INV/BLV-KPBS/318,1
,INV/BLV-KPBS/319,1
,INV/BLV-KPBS/320,1
,INV/BLV-KPBS/321,1
,INV/BLV-KPBS/322,1
,INV/BLV-KPBS/323,1
,INV/BLV-KPBS/324,1
,INV/BLV-KPBS/325,1
,INV/BLV-KPBS/326,1
,INV/BLV-KPBS/327,1
,INV/BLV-KPBS/328,1
,INV/BLV-KPBS/329,2
,INV/BLV-KPBS/330,1
,INV/BLV-KPBS/331,1
,INV/BLV-KPBS/332,1
,INV/BLV-KPBS/333,1
,INV/BLV-KPBS/334,1
,INV/BLV-KPBS/335,1
,INV/BLV-KPBS/336,1
,INV/BLV-KPBS/337,2
,INV/BLV-KPBS/338,1
,INV/BLV-KPBS/339,1
,INV/BLV-KPBS/340,1
,INV/BLV-KPBS/341,1
,INV/BLV-KPBS/342,1
,INV/BLV-KPBS/343,1
,INV/BLV-KPBS/344,1
,INV/BLV-KPBS/345,2
,INV/BLV-KPBS/346,1
,INV/BLV-KPBS/347,1
,INV/BLV-KPBS/348,1
,INV/BLV-KPBS/349,1
,INV/BLV-KPBS/350,1
,INV/BLV-KPBS/351,1
,INV/BLV-KPBS/352,2
,INV/BLV-KPBS/353,1
,INV/BLV-KPBS/354,1
,INV/BLV-KPBS/355,1
,INV/BLV-KPBS/356,1
,INV/BLV-KPBS/357,1
,INV/BLV-KPBS/358,1
,INV/BLV-KPBS/359,2
,INV/BLV-KPBS/360,1
,INV/BLV-KPBS/361,1
,INV/BLV-KPBS/362,1
,INV/BLV-KPBS/363,1
,INV/BLV-KPBS/364,1
,INV/BLV-KPBS/365,1
,INV/BLV-KPBS/366,1
,INV/BLV-KPBS/367,1
,INV/BLV-KPBS/368,1
,INV/BLV-KPBS/369,1
,INV/BLV-KPBS/370,1
,INV/BLV-KPBS/371,1
,INV/BLV-KPBS/372,1
,INV/BLV-KPBS/373,1
,INV/BLV-KPBS/374,1
,INV/BLV-KPBS/375,1
,INV/BLV-KPBS/376,1
,INV/BLV-KPBS/377,1
,INV/BLV-KPBS/378,1
,INV/BLV-KPBS/379,1
,INV/BLV-KPBS/380,1
,INV/BLV-KPBS/381,1
,INV/BLV-KPBS/382,1
,INV/BLV-KPBS/383,1
,INV/BLV-KPBS/384,2
,INV/BLV-KPBS/385,1
,INV/BLV-KPBS/386,1
,INV/BLV-KPBS/387,1
,INV/BLV-KPBS/388,1
,INV/BLV-KPBS/389,1
,INV/BLV-KPBS/390,1
,INV/BLV-KPBS/391,1
,INV/BLV-KPBS/392,1
,INV/BLV-KPBS/393,1
,INV/BLV-KPBS/394,1
,INV/BLV-KPBS/395,1
,INV/BLV-KPBS/396,1
,INV/BLV-KPBS/397,2
,INV/BLV-KPBS/398,1
,INV/BLV-KPBS/399,1
,INV/BLV-BCL/001,1
,INV/BLV-BCL/002,1
,INV/BLV-BCL/003,1
,INV/BLV-BCL/004,1
,INV/BLV-BCL/005,1
,INV/BLV-BCL/006,1
,INV/BLV-BCL/007,1
,INV/BLV-BCL/008,1
,INV/BLV-BCL/009,1
,INV/BLV-BCL/010,1
,INV/BLV-BCL/011,1
,INV/BLV-BCL/012,1
,INV/BLV-BCL/013,1
,INV/BLV-BCL/014,1
,INV/BLV-BCL/015,1
,INV/BLV-BCL/016,1
,INV/BLV-BCL/017,1
,INV/BLV-BCL/018,1
,INV/BLV-BCL/019,1
,INV/BLV-BCL/020,1
,INV/BLV-BCL/021,1
,INV/BLV-BCL/022,1
,INV/BLV-BCL/023,1
,INV/BLV-BCL/024,1
,INV/BLV-BCL/025,1
,INV/BLV-BCL/026,1
,INV/BLV-BCL/027,1
,INV/BLV-BCL/028,1
,INV/BLV-BCL/029,1
,INV/BLV-BCL/030,1
,INV/BLV-BCL/031,1
,INV/BLV-BCL/032,1
,INV/BLV-BCL/033,1
,INV/BLV-BCL/034,1
,INV/BLV-BCL/035,1
,INV/BLV-BCL/036,1
,INV/BLV-BCL/037,1
,INV/BLV-BCL/038,1
,INV/BLV-BCL/039,1
,INV/BLV-BCL/040,1
,INV/BLV-BCL/041,1
,INV/BLV-BCL/042,1
,INV/BLV-BCL/043,1
,INV/BLV-BCL/044,1
,INV/BLV-BCL/045,1
,INV/BLV-BCL/046,1
,INV/BLV-BCL/047,1
,INV/BLV-BCL/048,1
,INV/BLV-BCL/049,1
,INV/BLV-BCL/050,1
,INV/BLV-BCL/051,1
,INV/BLV-BCL/052,1
,INV/BLV-BCL/053,1
,INV/BLV-BCL/054,1
,INV/BLV-BCL/055,1
,INV/BLV-BCL/056,1
,INV/BLV-BCL/057,1
,INV/BLV-BCL/058,1
,INV/BLV-BCL/059,1
,INV/BLV-BCL/060,1
,INV/BLV-BCL/061,1
,INV/BLV-BCL/062,1
,INV/BLV-BCL/063,1
,INV/BLV-BCL/064,1
,INV/BLV-BCL/065,1
,INV/BLV-BCL/066,1
,INV/BLV-BCL/067,1
,INV/BLV-BCL/068,1
,INV/BLV-BCL/069,1
,INV/BLV-BCL/070,1
,INV/BLV-BCL/071,1
,INV/BLV-BCL/072,1
,INV/BLV-BCL/073,1
,INV/BLV-BCL/074,1
,INV/BLV-BCL/075,1
,INV/BLV-BCL/076,1
,INV/BLV-BCL/077,1
,INV/BLV-BCL/078,1
,INV/BLV-BCL/079,1
,INV/BLV-BCL/080,1
,INV/BLV-BCL/081,1
,INV/BLV-BCL/082,1
,INV/BLV-BCL/083,1
,INV/BLV-BCL/084,1
,INV/BLV-BCL/085,1
,INV/BLV-BCL/086,1
,INV/BLV-BCL/087,1
,INV/BLV-BCL/088,1
,INV/BLV-BCL/089,1
,INV/BLV-BCL/090,1
,INV/BLV-BCL/091,1
,INV/BLV-BCL/092,1
,INV/BLV-BCL/093,1
,INV/BLV-BCL/094,1
,INV/BLV-BCL/095,1
,INV/BLV-BCL/096,1
,INV/BLV-BCL/097,1
,INV/BLV-BCL/098,1
,INV/BLV-BCL/099,1
,INV/BLV-BCL/100,1
,INV/BLV-BCL/101,1
,INV/BLV-BCL/102,1
,INV/BLV-BCL/103,1
,INV/BLV-BCL/104,1
,INV/BLV-BCL/105,1
,INV/BLV-BCL/106,1
,INV/BLV-BCL/107,1
,INV/BLV-BCL/108,1
,INV/BLV-BCL/109,1
,INV/BLV-BCL/110,1
,INV/BLV-BCL/111,1
,INV/BLV-BCL/112,1
,INV/BLV-BCL/113,1
,INV/BLV-BCL/114,1
,INV/BLV-BCL/115,1
,INV/BLV-BCL/116,1
,INV/BLV-BCL/117,1
,INV/BLV-BCL/118,1
,INV/BLV-BCL/119,1
,INV/BLV-BCL/120,1
,INV/BLV-BCL/121,1
,INV/BLV-BCL/122,1
,INV/BLV-BCL/123,1
,INV/BLV-BCL/124,1
,INV/BLV-BCL/125,1
,INV/BLV-BCL/126,1
,INV/BLV-BCL/127,1
,INV/BLV-BCL/128,1
,INV/BLV-BCL/129,1
,INV/BLV-BCL/130,1
,INV/BLV-BCL/131,1
,INV/BLV-BCL/132,1
,INV/BLV-BCL/133,1
,INV/BLV-BCL/134,1
,INV/BLV-BCL/135,1
,INV/BLV-BCL/136,1
,INV/BLV-BCL/137,1
,INV/BLV-BCL/138,1
,INV/BLV-BCL/139,1
,INV/BLV-BCL/140,1
,INV/BLV-BCL/141,1
,INV/BLV-BCL/142,1
,INV/BLV-BCL/143,1
,INV/BLV-BCL/144,1
,INV/BLV-BCL/145,1
,INV/BLV-BCL/146,1
,INV/BLV-BCL/147,1
,INV/BLV-BCL/148,1
,INV/BLV-BCL/149,1
,INV/BLV-BCL/150,1
,INV/BLV-BCL/151,1
,INV/BLV-BCL/152,1
,INV/BLV-BCL/153,1
,INV/BLV-BCL/154,1
,INV/BLV-BCL/155,1
,INV/BLV-BCL/156,1
,INV/BLV-BCL/157,1
,INV/BLV-BCL/158,1
,INV/BLV-BCL/159,1
,INV/BLV-BCL/160,1
,INV/BLV-BCL/161,1
,INV/BLV-BCL/162,1
,INV/BLV-BCL/163,1
,INV/BLV-BCL/164,1
,INV/BLV-BCL/165,1
,INV/BLV-BCL/166,1
,INV/BLV-BCL/167,1
,INV/BLV-BCL/168,1
,INV/BLV-BCL/169,1
,INV/BLV-BCL/170,1
,INV/BLV-BCL/171,1
,INV/BLV-BCL/172,1
,INV/BLV-BCL/173,1
,INV/BLV-BCL/174,1
,INV/BLV-BCL/175,1
,INV/BLV-BCL/176,1
,INV/BLV-BCL/177,1
,INV/BLV-BCL/178,1
,INV/BLV-BCL/179,1
,INV/BLV-BCL/180,1
,INV/BLV-BCL/181,1
,INV/BLV-BCL/182,1
,INV/BLV-BCL/183,1
,INV/BLV-BCL/184,1
,INV/BLV-BCL/185,1
,INV/BLV-BCL/186,1
,INV/BLV-BCL/187,1
,INV/BLV-BCL/188,1
,INV/BLV-BCL/189,1
,INV/BLV-BCL/190,1
,INV/BLV-BCL/191,1
,INV/BLV-BCL/192,1
,INV/BLV-BCL/193,1
,INV/BLV-BCL/194,1
,INV/BLV-BCL/195,1
,INV/BLV-BCL/196,1
,INV/BLV-BCL/197,1
,INV/BLV-BCL/198,1
,INV/BLV-BCL/199,1
,INV/BLV-BCL/200,1
,INV/BLV-BCL/201,1
,INV/BLV-BCL/202,1
,INV/BLV-BCL/203,1
,INV/BLV-BCL/204,1
,INV/BLV-BCL/205,1
,INV/BLV-BCL/206,1
,INV/BLV-BCL/207,1
,INV/BLV-BCL/208,1
,INV/BLV-BCL/209,1
,INV/BLV-BCL/210,1
,INV/BLV-BCL/211,1
,INV/BLV-BCL/212,1
,INV/BLV-BCL/213,1
,INV/BLV-BCL/214,1
,INV/BLV-BCL/215,1
,INV/BLV-BCL/216,1
,INV/BLV-BCL/217,1
,INV/BLV-BCL/218,1
,INV/BLV-BCL/219,1
,INV/BLV-BCL/220,1
,INV/BLV-BCL/221,1
,INV/BLV-BCL/222,1
,INV/BLV-BCL/223,1
,INV/BLV-BCL/224,1
,INV/BLV-BCL/225,1
,INV/BLV-BCL/226,1
,INV/BLV-BCL/227,1
,INV/BLV-BCL/228,1
,INV/BLV-BCL/229,1
,INV/BLV-BCL/230,1
,INV/BLV-BCL/231,1
,INV/BLV-BCL/232,1
,INV/BLV-BCL/233,1
,INV/BLV-BCL/234,1
,INV/BLV-BCL/235,1
,INV/BLV-BCL/236,1
,INV/BLV-BCL/237,1
,INV/BLV-BCL/238,1
,INV/BLV-BCL/239,1
,INV/BLV-BCL/240,1
,INV/BLV-BCL/241,1
,INV/BLV-BCL/242,1
,INV/BLV-BCL/243,1
,INV/BLV-BCL/244,1
,INV/BLV-BCL/245,1
,INV/BLV-BCL/246,1
,INV/BLV-BCL/247,1
,INV/BLV-BCL/248,1
,INV/BLV-BCL/249,1
,INV/BLV-BCL/250,1
,INV/BLV-BCL/251,1
,INV/BLV-BCL/252,1
,INV/BLV-BCL/253,1
,INV/BLV-BCL/254,1
,INV/BLV-BCL/255,1
,INV/BLV-BCL/256,1
,INV/BLV-BCL/257,1
,INV/BLV-BCL/258,1
,INV/BLV-BCL/259,1
,INV/BLV-BCL/260,1
,INV/BLV-BCL/261,1
,INV/BLV-BCL/262,1
,INV/BLV-BCL/263,1
,INV/BLV-BCL/264,1
,INV/BLV-BCL/265,1
,INV/BLV-BCL/266,1
,INV/BLV-BCL/267,1
,INV/BLV-BCL/268,1
,INV/BLV-BCL/269,1
,INV/BLV-BCL/270,1
,INV/BLV-BCL/271,1
,INV/BLV-BCL/272,1
,INV/BLV-BCL/273,1
,INV/BLV-BCL/274,1
,INV/BLV-BCL/275,1
,INV/BLV-BCL/276,1
,INV/BLV-BCL/277,1
,INV/BLV-BCL/278,1
,INV/BLV-BCL/279,1
,INV/BLV-BCL/280,1
,INV/BLV-BCL/281,1
,INV/BLV-BCL/282,1
,INV/BLV-BCL/283,1
,INV/BLV-BCL/284,1
,INV/BLV-BCL/285,1
,INV/BLV-BCL/286,1
,INV/BLV-BCL/287,1
,INV/BLV-BCL/288,1
,INV/BLV-BCL/289,1
,INV/BLV-BCL/290,1
,INV/BLV-BCL/291,1
,INV/BLV-BCL/292,1
,INV/BLV-BCL/293,1
,INV/BLV-BCL/294,1
,INV/BLV-BCL/295,1
,INV/BLV-BCL/296,1
,INV/BLV-BCL/297,1
,INV/BLV-BCL/298,1
,INV/BLV-BCL/299,1
,INV/BLV-BCL/300,1
,INV/BLV-BCL/301,1
,INV/BLV-BCL/302,1
,INV/BLV-BCL/303,1
,INV/BLV-BCL/304,1
,INV/BLV-BCL/305,1
,INV/BLV-BCL/306,1
,INV/BLV-BCL/307,1
,INV/BLV-BCL/308,1
,INV/BLV-BCL/309,1
,INV/BLV-BCL/310,1
,INV/BLV-BCL/311,1
,INV/BLV-BCL/312,1
,INV/BLV-BCL/313,1
,INV/BLV-BCL/314,1
,INV/BLV-BCL/315,1
,INV/BLV-BCL/316,1
,INV/BLV-BCL/317,1
,INV/BLV-BCL/318,1
,INV/BLV-BCL/319,1
,INV/BLV-BCL/320,1
,INV/BLV-BCL/321,1
,INV/BLV-BCL/322,1
,INV/BLV-BCL/323,1
,INV/BLV-BCL/324,1
,INV/BLV-BCL/325,1
,INV/BLV-BCL/326,1
,INV/BLV-BCL/327,1
,INV/BLV-BCL/328,1
,INV/BLV-BCL/329,1
,INV/BLV-BCL/330,1
,INV/BLV-BCL/331,1
,INV/BLV-BCL/332,1
,INV/BLV-BCL/333,1
,INV/BLV-BCL/334,1
,INV/BLV-BCL/335,1
,INV/BLV-BCL/336,1
,INV/BLV-BCL/337,1
,INV/BLV-BCL/338,1
,INV/BLV-BCL/339,1
,INV/BLV-BCL/340,1
,INV/BLV-BCL/341,1
,INV/BLV-BCL/342,1
,INV/BLV-BCL/343,1
,INV/BLV-BCL/344,1
,INV/BLV-BCL/345,1
,INV/BLV-BCL/346,1
,INV/BLV-BCL/347,1
,INV/BLV-BCL/348,1
,INV/BLV-BCL/349,1
,INV/BLV-BCL/350,1
,INV/BLV-BCL/351,1
,INV/BLV-BCL/352,1
,INV/BLV-BCL/353,1
,INV/BLV-BCL/354,1
,INV/BLV-BCL/355,1
,INV/BLV-BCL/356,1
,INV/BLV-BCL/357,1
,INV/BLV-BCL/358,1
,INV/BLV-BCL/359,1
,INV/BLV-BCL/360,1
,INV/BLV-BCL/361,1
,INV/BLV-BCL/362,1
,INV/BLV-BCL/363,1
,INV/BLV-BCL/364,1
,INV/BLV-BCL/365,1
,INV/BLV-BCL/366,1
,INV/BLV-BCL/367,1
,INV/BLV-BCL/368,1
,INV/BLV-BCL/369,1
,INV/BLV-BCL/370,1
,INV/BLV-BCL/371,1
,INV/BLV-BCL/372,1
,INV/BLV-BCL/373,1
,INV/BLV-BCL/374,1
,INV/BLV-BCL/375,1
,INV/BLV-BCL/376,1
,INV/BLV-BCL/377,1
,INV/BLV-BCL/378,1
,INV/BLV-BCL/379,1
,INV/BLV-BCL/380,1
,INV/BLV-BCL/381,1
,INV/BLV-BCL/382,1
,INV/BLV-BCL/383,1
,INV/BLV-BCL/384,1
,INV/BLV-BCL/385,1
,INV/BLV-BCL/386,1
,INV/BLV-BCL/387,1
,INV/BLV-BCL/388,1
,INV/BLV-BCL/389,1
,INV/BLV-BCL/390,1
,INV/BLV-BCL/391,1
,INV/BLV-BCL/392,1
,INV/BLV-BCL/393,1
,INV/BLV-BCL/394,1
,INV/BLV-BCL/395,1
,INV/BLV-BCL/396,1
,INV/BLV-BCL/397,1
,INV/BLV-BCL/398,1
,INV/BLV-BCL/399,1
,INV/BLV-BCL/400,1
,INV/BLV-BCL/401,1
,INV/BLV-BCL/402,1
,INV/BLV-BCL/403,1
,INV/BLV-BCL/404,1
,INV/BLV-BCL/405,1
,INV/BLV-BCL/406,1
,INV/BLV-BCL/407,1
,INV/BLV-BCL/408,1
,INV/BLV-BCL/409,1
,INV/BLV-BCL/410,1
,INV/BLV-BCL/411,1
,INV/BLV-BCL/412,1
,INV/BLV-BCL/413,1
,INV/BLV-BCL/414,1
,INV/BLV-BCL/415,1
,INV/BLV-BCL/416,1
,INV/BLV-BCL/417,1
,INV/BLV-BCL/418,1
,INV/BLV-BCL/419,1
,INV/BLV-BCL/420,1
,INV/BLV-BCL/421,1
,INV/BLV-BCL/422,1
,INV/BLV-BCL/423,1
,INV/BLV-BCL/424,1
,INV/BLV-BCL/425,1
,INV/BLV-BCL/426,1
,INV/BLV-BCL/427,1
,INV/BLV-BCL/428,1
,INV/BLV-BCL/429,1
,INV/BLV-BCL/430,1
,INV/BLV-BCL/431,1
,INV/BLV-BCL/432,1
,INV/BLV-BCL/433,1
,INV/BLV-BCL/434,1
,INV/BLV-BCL/435,1
,INV/BLV-BCL/436,1
,INV/BLV-BCL/437,1
,INV/BLV-BCL/438,1
,INV/BLV-BCL/439,1
,INV/BLV-BCL/440,1
,INV/BLV-BCL/441,1
,INV/BLV-BCL/442,1
,INV/BLV-BCL/443,1
,INV/BLV-BCL/444,1
,INV/BLV-BCL/445,1
,INV/BLV-BCL/446,1
,INV/BLV-BCL/447,1
,INV/BLV-BCL/448,1
,INV/BLV-BCL/449,1
,INV/BLV-BCL/450,1
,INV/BLV-BCL/451,1
,INV/BLV-BCL/452,1
,INV/BLV-BCL/453,1
,INV/BLV-BCL/454,1
,INV/BLV-BCL/455,1
,INV/BLV-BCL/456,1
,INV/BLV-BCL/457,1
,INV/BLV-BCL/458,1
,INV/BLV-BCL/459,1
,INV/BLV-BCL/460,1
,INV/BLV-BCL/461,1
,INV/BLV-BCL/462,1
,INV/BLV-BCL/463,1
,INV/BLV-BCL/464,1
,INV/BLV-BCL/465,1
,INV/BLV-BCL/466,1
,INV/BLV-BCL/467,1
,INV/BLV-BCL/468,1
,INV/BLV-BCL/469,1
,INV/BLV-BCL/470,1
,INV/BLV-BCL/471,1
,INV/BLV-BCL/472,1
,INV/BLV-BCL/473,1
,INV/BLV-BCL/474,1
,INV/BLV-BCL/475,1
,INV/BLV-BCL/476,1
,INV/BLV-BCL/477,1
,INV/BLV-BCL/478,1
,INV/BLV-BCL/479,1
,INV/BLV-BCL/480,1
,INV/BLV-BCL/481,1
,INV/BLV-BCL/482,1
,INV/BLV-BCL/483,1
,INV/BLV-BCL/484,1
,INV/BLV-BCL/485,1
,INV/BLV-BCL/486,1
,INV/BLV-BCL/487,1
,INV/BLV-BCL/488,1
,INV/BLV-BCL/489,1
,INV/BLV-BCL/490,1
,INV/BLV-BCL/491,1
,INV/BLV-BCL/492,1
,INV/BLV-BCL/493,1
,INV/BLV-BCL/494,1
,INV/BLV-BCL/495,1
,INV/BLV-BCL/496,1
,INV/BLV-BCL/497,1
,INV/BLV-BCL/498,1
,INV/BLV-BCL/499,1
,INV/BLV-BCL/500,1
,INV/BLV-BCL/501,1
,INV/BLV-BCL/502,1
,INV/BLV-BCL/503,1
,INV/BLV-BCL/504,1
,INV/BLV-BCL/505,1
,INV/BLV-BCL/506,1
,INV/BLV-BCL/507,1
,INV/BLV-BCL/508,1
,INV/BLV-BCL/509,1
,INV/BLV-BCL/510,1
,INV/BLV-BCL/511,1
,INV/BLV-BCL/512,1
,INV/BLV-BCL/513,1
,INV/BLV-BCL/514,1
,INV/BLV-BCL/515,1
,INV/BLV-BCL/516,1
,INV/BLV-BCL/517,1
,INV/BLV-BCL/518,1
,INV/BLV-BCL/519,1
,INV/BLV-BCL/520,1
,INV/BLV-BCL/521,1
,INV/BLV-BCL/522,1
,INV/BLV-BCL/523,1
,INV/BLV-BCL/524,1
,INV/BLV-BCL/525,1
,INV/BLV-BCL/526,1
,INV/BLV-BCL/527,1
,INV/BLV-BCL/528,1
,INV/BLV-BCL/529,1
,INV/BLV-BCL/530,1
,INV/BLV-BCL/531,1
,INV/BLV-BCL/532,1
,INV/BLV-BCL/533,1
,INV/BLV-BCL/534,1
,INV/BLV-BCL/535,1
,INV/BLV-BCL/536,1
,INV/BLV-BCL/537,1
,INV/BLV-BCL/538,1
,INV/BLV-BCL/539,1
,INV/BLV-BCL/540,1
,INV/BLV-BCL/541,1
,INV/BLV-BCL/542,1
,INV/BLV-BCL/543,1
,INV/BLV-BCL/544,1
,INV/BLV-BCL/545,1
,INV/BLV-BCL/546,1
,INV/BLV-BCL/547,1
,INV/BLV-BCL/548,1
,INV/BLV-BCL/549,1
,INV/BLV-BCL/550,1
,INV/BLV-BCL/551,1
,INV/BLV-BCL/552,1
,INV/BLV-BCL/553,1
,INV/BLV-BCL/554,1
,INV/BLV-BCL/555,1