id,nama obat,obat_id,zataktif_id,nama zat aktif
,B26 Belova Bakuchiol Niacinamide Serum,1,,
,B62 Belova DNA Salmon Cream,3,,
,B32 Belova Brightening Night Cream with Tranexamic Acid,4,,
,B67 Belova DNA Salmon Toner with Centella,5,,
,B63 Belova DNA Salmon Facial Wash with Centella,6,,
,B25 Belova B2B Toner for Acne with Beta Glucan and BHA,7,,
,B24 Belova B2B Facial Wash for Acne with Beta Glucan and BHA,8,,
,B33 Belova Brightening Peeling Kit (Mandelic acid and Glycolic acid),10,,
,B12 Belova Acne Peeling Kit (Mandelic acid and Salicilic Acid),11,,
,B146 Belova That`s What I Need Sunscreen,19,,
,B143 Belova Sunscreen For Man,20,,
,B150 Belova Tone-Up Sunscreen,23,,
,B147 Belova Tirai SPF 40,35,,
,B148 Belova Tirai SPF 50,36,,
,B09 Belova Acne Night Cream,38,,
,B70 Belova Eye Serum,40,,
,B36 Belova Ceramide Cream,46,,
,B81 Belova Hidrasi Cream,51,,
,B19 Belova Anti Fungal Cream,52,,
,A89 AZITHROMYCIN TAB,56,58,AZITHROMYCIN
,B166 BISOPROLOL 5 MG,57,73,BISOPROLOL FUMARATE
,B172 BRAXIDIN,58,1616,CHLORDIAZEPOXIDE
,B172 BRAXIDIN,58,1617,CLINIDIUM BROMIDE
,C48 CLINDAMYCIN 300 MG,60,151,CLINDAMYCINE
,C55 CLONIDIN,61,156,CLONIDINE HCL
,C56 CLOPIDOGREL 75MG,62,157,CLOPIDOGREL
,D24 DISOLF,63,432,LUMBRICUS LUBERUS
,F19 FENOFIBRAT 300 MG,68,257,FENOFIBRATE
,F23 FLAMICORT 4 MG TAB - TRIAMCINOLONE 4 MG,69,718,TRIAMCINOLON
,K08 KAPSUL ACNE,70,50,ASAM TRANEKSAMAT
,K08 KAPSUL ACNE,70,483,MULTIVITAMIN
,L19 LEVOFLOXACIN 500 MG,73,415,LEVOFLOXACIN
,L36 LYCOXY,74,483,MULTIVITAMIN
,M29 METFORMIN 500 MG,75,453,METFORMIN
,P11 PARIET 20 MG,77,503,NATRIUM RABEPRAZOL
,S23 SANCOIDAN,79,924,Ekstrak rumput laut (Laminaria japonica) 450 mg
,S60 SISTENOL,82,548,PARACETAMOL
,S60 SISTENOL,82,8,ACETYLSISTEIN
,S80 STARCEF 100 MG,83,108,CEFIXIME
,T42 TRIAMCINOLON 4 MG,84,718,TRIAMCINOLON
,T44 TRICHODAZOL 500 MG,85,466,METRONIDAZOLE
,T52 TUZALOS,86,548,PARACETAMOL
,T52 TUZALOS,86,166,CTM
,T52 TUZALOS,86,1618,PHENYLPROPANOLAMIN HCL
,T52 TUZALOS,86,1619,DEXTROMETORPHAN
,U10 URINTER,87,574,PIPEMIDIC ACID
,V10 VECTRIN KAP - ERDOSTEIN 300 MG,88,232,ERDOSTEIN
,X01 XARELTO 10 MG,89,630,RIVAROXABAN
,A85 ATORVASTATIN 20 MG,92,53,ATORVASTATIN
,D18 DIGOXIN,94,191,DIGOXIN
,D26 DOGMATIL,96,676,SULPiRIDE
,A16 ADALAT OROS - NIFEDIPIN 30 MG,97,512,NIFEDIPINE
,C05 CANDERIN 16 MG -Candesartan 16 mg,101,92,CANDESARTAN
,T34 TRACETAT SYR,102,436,MEGESTEROL
,A88 AVODART,105,215,DUTASTERIDE
,T35 TRACETAT TAB,109,436,MEGESTEROL
,E08 EPISAN SYR 200 mL,110,669,SUCRALFATE
,A02 ACARBOSE 50 MG,112,4,ACARBOSE
,A41 AMITRIPTILIN 25 MG,113,25,AMITRYPTILIN
,"J02 JARDIANCE DUO 12,5/1000 MG",115,225,EMPAGLIFOZIN
,"J02 JARDIANCE DUO 12,5/1000 MG",115,453,METFORMIN
,A37 AMARYL M 1 MG,117,453,METFORMIN
,A37 AMARYL M 1 MG,117,995,GLIMEPIRIDE
,G22 GLUCOPHAGE XR 500 MG,118,453,METFORMIN
,V12 VENOSMIL,119,338,HYDROSMIN
,G23 GLUCOPHAGE XR 750 MG,120,453,METFORMIN
,R12 RESPIRA 400 MG,121,482,MOXIFLOXACIN HCL
,A14 ACTOS 30 MG,125,573,PIOGLITAZON
,"J03 JARDIANCE DUO 12,5/500 MG",126,225,EMPAGLIFOZIN
,"J03 JARDIANCE DUO 12,5/500 MG",126,453,METFORMIN
,A39 AMINEFRON,128,42,ASAM AMINO
,I16 ITRACONAZOLE,129,379,ITRACONAZOLE
,C08 CANDESARTAN 16 MG,133,92,CANDESARTAN
,"C66 CONCOR 1,25 MG",134,73,BISOPROLOL FUMARATE
,K30 KENDARON 200 MG,136,24,AMIODARONE
,C06 CANDERIN 8 MG - Candesartan 8 mg,137,92,CANDESARTAN
,C68 CONCOR 5 MG,139,73,BISOPROLOL FUMARATE
,"B165 BISOPROLOL 2,5 MG",140,73,BISOPROLOL FUMARATE
,G20 GLUCODEX 80 MG,141,312,GLICLAZIDE
,A79 ASAM URSODEOXYCHOLIC,142,52,ASAM URSODEOXYCHOLIC
,H21 HEXADOL,143,327,HEXETIDINE
,H20 HERBESSER CD 200,144,194,DILTIAZEM HCL
,L29 LIVRON B PLEX,145,773,VITAMIN B
,L29 LIVRON B PLEX,145,774,VITAMIN C
,L29 LIVRON B PLEX,145,45,ASAM FOLAT
,L29 LIVRON B PLEX,145,783,ZAT BESI
,L29 LIVRON B PLEX,145,384,KALSIUM GLUKONAT
,R01 RAMIPRIL 10 MG,146,619,RAMIPRIL
,P37 PRO TB 4,148,625,RIFAMPICIN
,P37 PRO TB 4,148,372,ISONIAZID
,P37 PRO TB 4,148,243,ETHAMBUTOL
,P37 PRO TB 4,148,615,PYRAZINAMIDE
,A01 ACARBOSE 100 MG,151,4,ACARBOSE
,E14 EUTHYROX 100 MG,153,417,LEVOTHYROXINE
,A73 APISATE,155,190,DIETILPROPION HCL
,L26 LIPITOR 20 MG,156,53,ATORVASTATIN
,F35 FUROSEMID 40 MG INJ,157,290,FUROSEMIDE
,V20 VITAMIN B COMPLEX,158,1625,VITAMIN B COMPLEK
,K07 KAMYFET 500 MG,159,1027,MYCOPHENOLAT
,"R02 RAMIPRIL 2,5 MG",160,619,RAMIPRIL
,S75 SPIRONOLACTON 25 MG,161,663,SPIRONOLACTONE
,R11 REPIMIDE,163,621,REBAMIPID
,G32 GUARPOSIDE,164,145,CISAPRIDE
,P08 PARATUSIN,165,548,PARACETAMOL
,P08 PARATUSIN,165,319,GLYCERIL GUAYACOLAT
,P08 PARATUSIN,165,1618,PHENYLPROPANOLAMIN HCL
,P08 PARATUSIN,165,166,CTM
,P08 PARATUSIN,165,1620,NOSCAPINE
,C36 CETIRIZIN 10 MG,166,118,CETIRIZINE
,A80 ASCAVIN,167,791,ASTAXANTHIN
,K24 KAPSUL SESAK,170,637,SALBUTAMOL
,K24 KAPSUL SESAK,170,118,CETIRIZINE
,K24 KAPSUL SESAK,170,21,AMBROXOL
,K24 KAPSUL SESAK,170,23,AMINOPHYLLIN
,N16 NIFEDIPIN,171,512,NIFEDIPINE
,O20 ORINOX 120 MG - ETORICOXIB 120 MG,172,247,ETORICOXIB
,N20 NITROKAF RETARD FORTE,173,518,NITROGLISERIN
,C20 CEFIXIME 100 MG,179,108,CEFIXIME
,S64 SODIUM BICARBONAT,1780,1621,SODIUM BICARBINAT
,O07 OBH SYR,181,1070,AMMONIUM CHLORIDA
,O07 OBH SYR,181,1622,GLYCYRRHIZAE
,F21 FESTARIC 80 - FEBUXOSTAT 80 MG,182,255,FEBUXOSTAT
,R06 RECOLFAR,185,1623,ALUMUNIUM HYDROXIDE
,D29 DOLO NEUROBION,186,548,PARACETAMOL
,D29 DOLO NEUROBION,186,1625,VITAMIN B COMPLEK
,E07 EPERISON,188,228,EPERISONE
,C25 CELEBREX 200 MG,189,116,CELECOXIB
,V34 VOSEA,191,464,METOCLOPRAMIDE
,L31 LONIDE,193,533,OTILONIUM BROMIDE
,E03 ELKANA SYR,194,771,VITAMIN A
,E03 ELKANA SYR,196,777,COLECALCIFEROL (VITAMIN D3)
,E03 ELKANA SYR,196,773,VITAMIN B
,E03 ELKANA SYR,196,167,CURCUMA
,E10 ERICAF,199,234,ERGOTAMINE
,E10 ERICAF,199,1112,CAFFEINE
,T40 TREMENZA TAB,200,610,PSEUDOEFEDRINE TRIPOLIDINE
,S35 SANTA E 100 (BOTOL),201,778,VITAMIN E
,S37 SANTA E 250 (BOTOL),202,778,VITAMIN E
,S40 SANTA E 400 (BOTOL),203,778,VITAMIN E
,K11 KAPSUL BATUK,204,637,SALBUTAMOL
,K11 KAPSUL BATUK,204,462,METHYLPREDNISOLON
,K11 KAPSUL BATUK,204,118,CETIRIZINE
,K11 KAPSUL BATUK,204,21,AMBROXOL
,C09 CANDESARTAN 8 MG,206,92,CANDESARTAN
,R20 RHINOS SR,209,429,LORATADINE
,R20 RHINOS SR,209,612,PSEUDOEPHEDRINE HCL
,S74 SPIRONOLACTON 100 MG,210,663,SPIRONOLACTONE
,K04 KALNEX 500 MG,212,50,ASAM TRANEKSAMAT
,L11 LASAL SYR,213,637,SALBUTAMOL
,M34 METHYLPREDNISOLON 4 MG,218,462,METHYLPREDNISOLON
,A42 AMLODIPIN 10 MG,219,26,AMLODIPINE
,N28 NUCRAL SYR 200 ML,222,669,SUCRALFATE
,"A35 ALPRAZOLAM 0,5 MG",224,20,ALPRAZOLAM
,P45 PROPANOLOL 10 MG,227,607,PROPANOLOL HCL
,O18 ONDANSETRON 8 MG TAB,229,530,ONDANSETRON
,P52 PROVE D3-1000,231,135,CHOLECALCIFEROL
,O23 OSTEOSAN 1000 MG,234,777,COLECALCIFEROL (VITAMIN D3)
,G09 GEMFIBROSIL 300,235,305,GEMFIBROZIL
,K06 KALXETIN 10 MG,237,1016,FLUOXETINE
,P35 PREGABALIN 75 MG,241,600,PREGABALIN
,C22 CEFSPAN SYRUP,245,108,CEFIXIME
,G25 GLUMIN XR 750 MG,246,453,METFORMIN
,F18 FENOFIBRAT 100 MG,247,257,FENOFIBRATE
,C42 CIMETIDIN 200 MG,248,141,CIMETIDINE
,Z03 ZINC TABLET,254,786,ZINC SULFATE
,L03 L-CISIN 0.5 MG,255,163,COLCHICINE
,T15 TEMPRA SYR,256,548,PARACETAMOL
,T48 TRIZEDON MR,256,725,TRIMETAZIDINE
,K21 KAPSUL RACIK DIET (MET 300),271,453,METFORMIN
,K21 KAPSUL RACIK DIET (MET 300),271,417,LEVOTHYROXINE
,K21 KAPSUL RACIK DIET (MET 300),271,190,DIETILPROPION HCL
,K21 KAPSUL RACIK DIET (MET 300),271,1420,ORLISTAT
,K21 KAPSUL RACIK DIET (MET 300),271,290,FUROSEMIDE
,L16 LEPARSON,273,414,LEVODOPA BENSERAZIDE
,G03 GABAPENTIN 100 MG,277,295,GABAPENTIN
,P18 PHENYTOIN 100 MG,281,570,PHENYTOIN SODIUM
,R08 REINPID,282,215,DUTASTERIDE
,P21 PIOGLITAZONE 30 MG,284,573,PIOGLITAZON
,C45 CITICHOLIN 500 MG,285,147,CITICHOLINE
,C60 CODEIN 10 MG,286,160,CODEIN
,L33 LORATADINE 10 MG,292,429,LORATADINE
,R23 RILLUS TAB,293,1626,LACTOBACILUS PLANTARUM
,L07 LAMESON 4 MG,294,462,METHYLPREDNISOLON
,R03 RAMIPRIL 5 MG,295,619,RAMIPRIL
,K34 KETOCONAZOL TAB,296,389,KETOCONAZOLE
,R26 ROSUVASTATIN,298,633,ROSUVASTATIN
,K37 KETOPROFEN 100,302,390,KETOPROFEN
,A43 AMLODIPIN 5 MG,303,26,AMLODIPINE
,B178 BUSCOPAN PLUS,305,1614,BUTYLSCOPOLAMINIUM BROMIDE
,B178 BUSCOPAN PLUS,305,341,HYOSCINE BUTYLBROMIDE
,V01 V-BLOCK 25 MG,308,103,BUTYLSCOPOLAMINIUM BROMIDE
,C34 CETINAL 10 MG,309,118,CARVEDILOL
,F27 FLUIMUCYL SYR,311,8,ACETYLSISTEIN
,G24 GLUCOSAMIN,312,317,GLUCOSAMINE
,D31 DOMPERIDON,314,206,DOMPERIDONE
,C44 CIPROFLOXACIN 500 MG,315,143,CIPROFLOXACIN
,M55 METRONIDAZOL 500 MG,316,466,METRONIDAZOLE
,C17 CEFADROXIL 500 MG,317,104,CEFADROXIL
,T04 TAMSULOSIN,318,682,TAMSULOSIN
,V13 VENOSMIL GEL,319,338,HYDROSMIN
,R18 RHINOFED,321,612,PSEUDOEPHEDRINE HCL
,R18 RHINOFED,321,1574,TRIPROLIDINE
,B155 BETADINE GARGLE 190 ML,322,595,POVIDONE IODINE
,K44 KOMPOLAX SYR,323,551,PARAFFIN LIQUID
,K44 KOMPOLAX SYR,323,319,GLYCERIL GUAYACOLAT
,K44 KOMPOLAX SYR,323,1615,PHENOLPTHALEIN
,F07 FARSIRETIC,324,290,FUROSEMIDE
,G14 GLICLAZIDE,325,312,GLICLAZIDE
,M30 METFORMIN 850 MG,326,453,METFORMIN
,P46 PROPANOLOL 40 MG,327,607,PROPANOLOL HCL
,S81 STATOR 20 MG,329,53,ATORVASTATIN
,G17 GLIMEPIRIDE 3 MG,330,995,GLIMEPIRIDE
,C57 CLORILEX 25 MG,333,159,CLOZAPINE
,C58 CLOZAPINE 100 MG,334,159,CLOZAPINE
,O09 OFLOXACIN 400 MG,336,526,OFLOXACIN
,B173 BRICLOT,337,822,TICAGRELOR
,B154 BESANMAG,340,1624,MAGNESIUM TRISILICATE
,B154 BESANMAG,340,1623,ALUMUNIUM HYDROXIDE
,B154 BESANMAG,340,1616,CHLORDIAZEPOXIDE
,P20 PIOGLITAZONE 15 MG,342,573,PIOGLITAZON
,F20 FENOSUP LIDOSE,343,257,FENOFIBRATE
,V32 VOMETA FT,344,206,DOMPERIDONE
,P34 PREDNISON TAB,345,599,PREDNISON
,D38 DULCOLAX TAB,347,72,BISACODYL
,A29 ALLOPURINOL 100 MG,348,17,ALLOPURINOL
,G15 GLIMEPIRIDE 1 MG,349,995,GLIMEPIRIDE
,G16 GLIMEPIRIDE 2 MG,350,995,GLIMEPIRIDE
,F03 FAKTU OINTMENT,352,586,POLICRESULEN
,F03 FAKTU OINTMENT,352,1627,CINCHOCAINE
,H28 HYDROCORTISON 2.5%,353,333,HYDROCORTISON
,N19 NILACELIN SYR,354,66,BETAMETASON
,N19 NILACELIN SYR,354,184,DEXCLORPHENIRAMIN
,S76 SPORACID,356,379,ITRACONAZOLE
,A38 AMBROXOL 30 MG,358,21,AMBROXOL
,B162 BIOPLACENTON,359,506,NEOMYCIN SULFATE
,B162 BIOPLACENTON,359,1628,PLACENTA EXTRACT
,F33 FORXIGA 10 MG,360,173,DAPAGLIFLOZIN
,F22 FG TROCHES,361,1629,NEOMICYN SULFATE
,F22 FG TROCHES,361,1630,GRAMICIDIN
,O27 OZEMPIC DUAL DOSE PEN,364,643,SEMAGLUTIDE
,A04 ACETYLCYSTEIN 200 MG,366,8,ACETYLSISTEIN
,L05 LACTAS CALCICUS 500 MG,369,1631,CALCIUM LAKTAT
,L08 LANSOPRAZOL 30 MG,370,406,LANSOPRAZOLE
,V28 VOLEQUIN,372,415,LEVOFLOXACIN
,G19 GLIQUIDONE 30 MG,373,316,GLIQUIDONE
,C54 CLOBAZAM 10 MG,374,152,CLOBAZAM
,A36 ALPRAZOLAM 1 MG,375,20,ALPRAZOLAM
,K35 KETOCONAZOLE 2% CREAM,376,389,KETOCONAZOLE
,E02 ELKANA CL SYR,377,771,VITAMIN A
,E02 ELKANA CL SYR,377,777,COLECALCIFEROL (VITAMIN D3)
,E02 ELKANA CL SYR,377,773,VITAMIN B
,E02 ELKANA CL SYR,377,167,CURCUMA
,E02 ELKANA CL SYR,377,483,MULTIVITAMIN
,C18 CEFAT DRY SYR - CEFADROXIL125MG/5 ML,378,104,CEFADROXIL
,E21 EYEFRESH 0.6 ML MINIDOSE,379,1651,HYPROMELLOSE
,E21 EYEFRESH 0.6 ML MINIDOSE,379,1652,DEXTRAN 70
,C23 CEFTRIAXONE INJ 1 G,380,114,CEFTRIAXONE
,C59 CLOZAPINE 25 MG,382,159,CLOZAPINE
,K32 KETESSE 25 MG TAB,385,185,DEXKETOPROFEN TROMETAMOL
,P48 PROPYLTHIOURACIL 100 MG,386,608,PROPILTHIOURACIL
,N14 NEVODIO 5 MG,388,504,NEBIVOLOL
,G06 GASTROFER INJ 40 MG,389,529,OMEPRAZOLE
,I15 ISOSORBIDE DINITRAT 5 MG,390,376,ISOSORBIDE DINITRATE
,S01 SALBUTAMOL 2 MG,391,637,SALBUTAMOL
,I01 IBUPROFEN 400 MG,392,345,IBUPROFEN
,A76 ASAM MEFENAMAT 500 MG,393,47,ASAM MEFENAMAT
,D27 DOHIXAT 100 MG,394,211,DOXYCYCLINE
,B77 BELOVA HAIR GROW SHAMPOO,395,,
,C106 CTM 4 MG,397,166,CTM
,M47 MST CONTINUS 10 MG,399,481,MORPHIN SULFATE
,T37 TRAMADOL 50 MG CAP,400,714,TRAMADOL
,R27 RYZODEG FLEX TOUCH,401,358,INSULIN ASPART
,R27 RYZODEG FLEX TOUCH,401,1632,INSULIN DEGLUDEG
,B06 BECOMZET,402,483,MULTIVITAMIN
,B06 BECOMZET,402,786,ZINC SULFATE
,B06 BECOMZET,402,,
,S47 Serum Acne,405,,
,B01 Baby De Biosanitizer 100 ml,407,,
,B44 BELOVA CREAM FLEK,408,,
,B85 Belova Loose Powder Acne,410,,
,B86 Belova Loose Powder Whitening,411,,
,B109 Belova Pagi AHA2,413,,
,B88 Belova Malam Acne,414,,
,B105 Belova Pagi AA,415,,
,B106 Belova Pagi AA2,416,,
,P03 Pagi AHA2 8 GR,417,,
,M02 Malam AA1 8GR,418,,
,P01 Pagi AA,420,,
,P02 Pagi AA2,421,,
,B115 Belova Platinum,422,,
,B68 Belova Excelent Night,423,,
,B119 Belova Premium Night,424,,
,P26 Platinum Night 8 GR,425,,
,E19 Excelent Night 8 gr,426,,
,B23 Belova Armpit Cream,427,,
,B132 Belova Scrub,428,,
,B170 BOX PACKING,429,,
,P29 POUCH,430,,
,P06 PAPER OBAT,431,,
,D33 DOMPET RAJUT,432,,
,K01 KACA BELOVA,433,,
,A74 ARDIUM,435,,
,B167 BLOPRESS 8 MG,436,92,CANDESARTAN
,C101 CURCUMA FORCE,438,167,CURCUMA
,C101 CURCUMA FORCE,438,,
,S31 SANMOL 1 GRAM INFUS,439,548,PARACETAMOL
,O13 OMEPRAZOLE 40 MG INJ,440,529,OMEPRAZOLE
,D10 DEXAMETHASON 0.5 MG TAB,444,183,DEXAMETHASONE
,C69 COTRIMOXAZOLE TAB,445,673,COTRIMOXAZOL
,C71 CRAVIT 750 MG 150 ML INFUS,446,415,LEVOFLOXACIN
,H31 HYOSCINE 20 MG INJ,447,341,HYOSCINE BUTYLBROMIDE
,F25 FLUIMUCIL 300 MG INJ,448,8,ACETYLSISTEIN
,N10 NEEDLE 30,449,,
,I13 IRBESARTAN 300 MG,450,368,IRBESARTAN
,N09 NEEDLE 26,451,,
,N08 NEEDLE 25,452,,
,K28 KASSA STERIL,453,,
,A28 ALKOHOL SWAB,454,,
,T43 TRIAMCINOLON INJ 10 MG/ ML (5 ML),455,718,TRIAMCINOLON
,V21 VITAMIN C + COLLAGEN RODOTEX,456,,
,C33 CERNEVIT,457,,
,N24 NOVOFINE,458,,
,H04 HANDSCHOON,460,,
,N01 NACL 100 ML,463,,
,N26 NOVORAPID,464,358,INSULIN ASPART
,L18 LEVEMIR,466,360,INSULIN DETEMIR
,P16 PEHACAIN,467,418,LIDOCAIN
,R25 RL 500 ML,468,,
,S91 SURFLO/ABOCATH 24,473,,
,T39 TRANFUSI SET,474,,
,U09 URINE BAG,475,,
,W02 WING NEEDLE,476,,
,N11 NEEDLE 32,477,,
,O17 ONDANSETRON 8 MG INJ,479,530,ONDANSETRON
,H17 HEMAPO,484,1218,EPOETIN ALFA
,P27 PLESTERIN,485,,
,O16 ONDANSETRON 4 MG TAB,491,530,ONDANSETRON
,K39 KETOROLAC 30MG,492,391,KETOROLAC
,L10 LAPIBAL INJ,495,441,MECOBALAMIN
,M24 MESOESTETIC WHITE SOLUTION,496,,
,T05 TATIONIL INJ,498,,
,D11 DEXAMETHASON INJ,501,183,DEXAMETHASONE
,I08 INJECT WHITE KROMOSOM,502,,
,B108 BELOVA PAGI AHA,506,,
,K15 KAPSUL RACIK,507,,
,B112 BELOVA PAGI RACIK,509,,
,H25 HOME PEELING KIT,510,,
,C13 CARA PAKAI,512,,
,M09 Masker Peel Off,513,,
,B123 BELOVA RACIK GATAL,514,,
,F28 FLUNARIZINE 5 MG,519,269,FLUNARIZINE
,K16 KAPSUL RACIK,520,,
,A75 ASAM FOLAT 1 MG,523,45,ASAM FOLAT
,B156 BETAHISTINE MESILATE,524,65,BETAHISTIN DIHYDROCHLORIDE
,V02 V-BLOCK 6.25 MG,527,103,CARVEDILOL
,M35 METHYLPREDNISOLON 8 MG,529,462,METHYLPREDNISOLON
,N25 NOVOMIX,530,358,INSULIN ASPART
,N25 NOVOMIX,530,1633,PROTAMIN INSULIN ASPART
,B29 Belova Brightening Day Cream,533,,
,H27 HQ 5 ULTRA,537,,
,A07 ACNE CREAM DAY & NIGHT,538,,
,H30 HYDROXYUREA 500 MG,541,339,HYDROXY UREA
,C28 CENDO XITROL 5 ML,542,,
,A32 ALOCLAIR PLUS MOUTHWASH,543,,
,R14 RETINOL PEELING,544,,
,G18 GLIMEPIRIDE 4 MG,545,995,GLIMEPIRIDE
,M49 MUPIROCIN 2% 10 GRAM OINTMENT,546,484,GLIMEPIRIDE
,C84 CREAM MALAM RACIK HT,547,,
,B98 BELOVA MILK CLEANSER,548,,
,L04 LACIDOFIL CAP,549,1655,LACTOBACILLUS HELVETICUS
,G01 GA 70 PEELING SOL 60 ML,551,,
,H06 HARNAL OCAS,552,682,TAMSULOSIN
,S25 SANDEPRIL 50 MG,553,439,MAPROTILIN
,K20 KAPSUL RACIK DE,555,,
,B107 BELOVA PAGI ACNE,556,,
,C77 CREAM FLEK TAHAP BERAT,560,,
,A63 ANTI IRITASI,561,,
,N12 NEO PROLIVA,562,167,CURCUMA
,N12 NEO PROLIVA,562,1648,VITAMIN B6
,N12 NEO PROLIVA,562,1649,OLEA EUROPAEA EXTRACT
,N12 NEO PROLIVA,562,1650,SILYBIN PHOSPHATIDYLCHOLINE COMPLEX
,C49 CLINDAMYCIN 500 GRAM,563,151,CLINDAMYCINE
,H16 HELIATECH TUBE,564,,
,S65 SOOTHING CREAM 12.5 GRAM,566,,
,A05 ACYCLOVIR 400 MG TAB,568,10,ACYCLOVIR
,M33 METHYLPREDNISOLON 16 MG,569,462,METHYLPREDNISOLON
,H12 HCT 25 MG,570,332,HYDROCHLOROTHIAZIDE
,L01 L CARNITIN,571,,
,F02 Facial Wash AHA,573,,
,S87 Sunblock SPF 40 Water Drop,574,,
,R15 RETINOL PEELING,576,,
,B124 BELOVA RACIK MELASMA,577,,
,S42 SARUNG TANGAN MAXTER NO 7,580,,
,O12 OMEPRAZOLE 20 MG KAP,581,529,OMEPRAZOLE
,B102 BELOVA NIGHT CREAM RACIK,582,,
,L20 LEVOPAR,583,414,LEVODOPA BENSERAZIDE
,L20 LEVOPAR,583,414,LEVODOPA BENSERAZIDE
,A51 ANTI ACNE II,587,,
,B71 BELOVA FACE MIST,588,,
,M18 MEDIXON INJ 125 MG,589,462,METHYLPREDNISOLON
,K33 KETESSE INJ 50 MG,590,185,DEXKETOPROFEN TROMETAMOL
,S51 Serum Booster Step 2,591,,
,R05 RECALUS,595,,
,M04 MASKER,596,,
,P13 PEELING RETINOL,599,,
,P25 PLATINUM BAHAN BAKU,602,,
,D06 DESONIDE BAHAN BAKU,603,,
,P36 PREMIUM BAHAN BAKU,604,,
,B159 BHP INFUS,605,,
,I04 INFUS SET,607,,
,B72 Belova Facial Wash,610,,
,S22 SANBE-HAIR 60 ML,614,,
,B76 BELOVA HAIR GROW,615,,
,B03 BD-ULTRA FINE PRO 0.23 X 4 MM,616,,
,K12 KAPSUL KOSONG,617,,
,K46 KSR 600 MG,619,593,POTTASIUM CLORIDE
,P07 PARACETAMOL 500 MG,620,548,PARACETAMOL
,S41 SANTAGESIC INJ,622,451,METAMIZOLE
,B157 BETASON-N 5GR,629,66,BETAMETASON
,B157 BETASON-N 5GR,629,506,NEOMYCIN SULFATE
,B100 BELOVA NECK CREAM 2,634,,
,M10 MASKER TISSUE,635,,
,I07 INFUSE COLLAGEN,637,,
,C80 CREAM FLEK TAHAP III,638,,
,K17 KAPSUL RACIK,640,,
,A68 ANTI RADANG,646,,
,B11 BELOVA ACNE NIGHT RACIK KHUSUS,649,,
,B08 BELOVA ACNE DAY RACIK KHUSUS,650,,
,D19 DILTIAZEM,651,194,DILTIAZEM HCL
,R07 REGROU 30 ML,652,795,MINOXIDIL 2%
,E18 EXCELENT BAHAN BAKU,653,,
,T41 TRETINOIN BAHAN BAKU,654,,
,A19 AHA 8% CREAM BAHAN BAKU,655,,
,A06 ACNE CREAM BAHAN BAKU,656,,
,M12 MASSAGE CREAM,657,,
,S66 SOOTHING CREAM BAHAN BAKU,658,,
,A20 AHA NEUTRALIZER,659,,
,S09 FUNGAL CREAM 15,660,,
,L28 LISINOPRIL 10 MG,664,426,LISINOPRIL
,A27 ALKOHOL 70 %,665,,
,J04 JERIGEN,666,,
,C91 CREAM RACIK KAKI 30 G,669,,
,C83 CREAM KAKI,670,,
,T26 THYROZOL 10 MG,671,699,THIAMAZOLE
,A13 ACNE NIGHT CREAM NY.YANTI,674,,
,H26 HQ 5 (LIGHTENING CREAM),675,,
,A11 ACNE DAY CREAM NY. YANTI,676,,
,B142 BELOVA SOLUTION SERUM FOR ACNE 15ML,677,,
,P14 PEELING RETINOL,678,,
,S44 SCRUB,679,,
,B42 BELOVA CREAM EXCEMA,680,,
,B171 BRAINACT 500 MG TAB,682,147,CITICHOLINE
,A70 ANTIBIOTIK 5 G,683,,
,B125 BELOVA RACIK SS,684,,
,H07 HAVE FUN GO MATTE LIP CREAM- DREAM,685,,
,H09 HAVE FUN GO MATTE LIP CREAM-FIGHT,686,,
,B49 BELOVA CREAM MOISTURIZING,687,,
,K18 KAPSUL RACIK,688,,
,B91 BELOVA MALAM MELASMA RACIK,689,,
,B21 BELOVA ANTI IRITASI RACIK,690,,
,H08 HAVE FUN GO MATTE LIP CREAM-CAPPADOCIA,691,,
,H11 HAVE FUN GO MATTE LIP CREAM-HERS,692,,
,H10 HAVE FUN GO MATTE LIP CREAM-HAPPINES,693,,
,S05 SALEP ANTI BIOTIK 10GR,694,,
,S89 SUPLEMENT AB,695,,
,S90 SUPLEMENT KTS,696,,
,S24 SANDEPRIL 12.5 MG,698,439,MAPROTILIN
,L12 LASIX,704,290,FUROSEMIDE
,V16 VIP ALBUMIN,705,,
,L22 LIDOCAIN 2% INJEKSI,706,418,LIDOCAIN
,O29 OZEMPIC SINGLE DOSE PEN,708,643,SEMAGLUTIDE
,T45 TRIHEXYLPHENIDIL,709,724,TRIHEXYPHENIDIL
,R24 RISPERIDON 2 MG,710,628,RISPERIDON
,H22 HEXYMER 2 MG,711,724,TRIHEXYPHENIDIL
,B174 BRIGHTENING TRANEX CREAM RACIK,712,,
,M25 MESOESTHETIC WHITENING SOLUTION,714,,
,S88 SUNBLOCK WHITE SERIES,719,,
,A54 ANTI ACNE NIGHT CREAM,720,,
,C82 CREAM FLEK TAHAP RINGAN I,721,,
,F24 FLEET PHOSPOSODA,724,,
,P15 PEELING RETINOL,726,,
,B78 BELOVA HAIR SERUM,727,,
,C27 CENDO LYTEERS 15 ML,728,,
,X03 XEPAZYM,729,1637,PANCREATIN
,X03 XEPAZYM,729,1638,SIMETHICONE
,D14 DIAGIT,731,57,ATTAPULGIT
,D14 DIAGIT,731,1634,PECTIN
,S49 SERUM BOOSTER FLEK,735,,
,U05 ULTRAPROCT N GEL,740,418,LIDOCAIN
,U05 ULTRAPROCT N GEL,740,1640,FLUOKORTOLON PIVALAT
,T23 THROMBOPHOB GEL,743,326,HEPARIN SODIUM
,C29 CENFRESH EYE DROP 5 CC,744,1641,CARBOXYMETHYLCELLULOSE
,B20 BELOVA ANTI IRITASI,745,,
,S45 SCRUB 500GR,747,,
,C73 CREAM ANTI IRITASI,748,,
,M05 MASKER ACNE,750,,
,G13 GENTASOLON 5 GRAM CREAM,752,306,GENTAMYCIN
,S11 SALEP RACIK,753,,
,B136 BELOVA SERUM RAMBUT RONTOK,756,,
,B149 BELOVA TLA NIGHT CREAM,761,,
,S59 SIMVASTATIN 10 MG,762,650,SIMVASTATIN
,C41 CIASTAR YELLOW 20 MG,763,,
,C32 CERAMIDE BAHAN BAKU,764,,
,K40 KITODERM GIGA WHITE PEEL GEL 100 ML,765,,
,G02 GA 70 PEELING SOLUTION 100 ML,766,,
,T21 THERASKIN PEELING GA 20% 100 ML,767,,
,A10 ACNE DAY CREAM BAHAN BAKU,768,,
,M06 MASKER ACNE BAHAN BAKU,769,,
,P47 PROPEPSA SYR,770,669,SUCRALFATE
,B40 BELOVA CREAM ACNE TOTOL RACIK,773,,
,M26 MESOLOGICA MD Bright,775,,
,K25 KAPSUL SNC,779,,
,T02 TABUNG O2,780,,
,M08 MASKER BRIGHTENING BAHAN BAKU,784,,
,F01 FACIAL SCRUB IMMORTAL,785,,
,M13 MECOBALAMIN INJ,786,441,MECOBALAMIN
,C15 CATAFLAM 50MG,790,1635,DICLOFENAC POTASSIUM
,S57 SILDENAFIL CITRAT 50 MG,791,648,SILDENAFIL CITRATE
,R17 RHEUTREX,792,1636,METOTREKSAT
,K42 KITODERM PEELING GA 20 100 ML,794,,
,C50 CLINDAMYCIN GEL BAHAN BAKU,795,151,CLINDAMYCINE
,C72 CREAM ACNE RACIK,796,,
,B14 BELOVA ACNE SERUM,798,,
,B175 BUBBLE WRAP,813,,
,B141 BELOVA SKIN CORECTOR,815,,
,C65 COMBIVENT,817,824,Ipratropium Bromida
,C65 COMBIVENT,817,637,SALBUTAMOL
,P55 PULMICORT,818,824,Ipratropium Bromida
,P55 PULMICORT,818,637,SALBUTAMOL
,X06 XIETY,819,1107,BUSPIRONE
,S67 SOOTING CREAM *,820,,
,O24 OTOPAIN TT,823,1472,POLYMIXIN B
,O24 OTOPAIN TT,823,506,NEOMYCIN SULFATE
,O24 OTOPAIN TT,823,418,LIDOCAIN
,O24 OTOPAIN TT,823,1639,FLUDROCORTISON ACETAT
,C30 CEPEZET 100 MG,824,133,CHLORPROMAZINE
,V35 VOUCHER 100.000,826,,
,C21 CEFIXIME SYR 30 ML,827,108,CEFIXIME
,S03 SALEB GATAL,828,,
,C24 CEFTUM INJ,829,112,CEFTAZIDIME
,B16 BELOVA ALOE CLAY MASK,830,,
,S19 SANBE HAIR**,831,,
,C75 CREAM BRUNTUS,832,,
,T08 TEBUS VOUCER 100.000,833,,
,C07 CANDERIN DUO,834,92,CANDESARTAN
,C07 CANDERIN DUO,834,26,AMLODIPINE
,C93 CREAM RACIK NY.ANITA,835,,
,T36 TRAJENTA DUO 2.5 MG/500 MG,837,423,LINAGLIPTIN
,T36 TRAJENTA DUO 2.5 MG/500 MG,837,453,METFORMIN
,H01 HAIR SERUM PRIA 60ML,838,,
,T33 TOTE BAG,839,,
,B118 BELOVA POUCH GOLD,840,,
,P12 PAYUNG,841,,
,M20 MELOXICAM 7.5 MG,842,446,MELOXICAM
,P41 PROFILAS SYR,846,,
,K19 KAPSUL RACIK,849,,
,S79 SPUIT TERUMO 1 CC,850,,
,M19 MELOXICAM 15 MG,851,446,MELOXICAM
,R13 RETINOL PEEL BAHAN BAKU,852,,
,C19 CEFAT FORTE DRY SYR,853,104,CEFADROXIL
,T47 TRIMETAZIDIN,854,725,TRIMETAZIDINE
,A15 ACYCLOVIR 5 GRAM CREAM,856,,
,B177 BUFACOMB,858,,
,F32 FORCE D 5000 IU,561,777,COLECALCIFEROL (VITAMIN D3)
,T24 THROMBOPHOB OINTMENT,862,,
,T25 THROMBOPHOB OINTMENT 5 G,863,,
,S86 SULFITIS,864,674,SULFASALAZINE
,B43 BELOVA CREAM EXCEMA 30GR,865,,
,O15 ONDANSETRON 4 MG INJ,866,,
,S02 SALBUTAMOL 4 MG,868,637,SALBUTAMOL
,S68 SOTATIC TABLET,869,464,METOCLOPRAMIDE
,B101 BELOVA NECK SCRUB,870,,
,K41 KITODERM NEUTRALIZER 100 ML,872,,
,S06 SALEP ANTI BIOTIK 5GR,874,,
,G10 GENTAMICIN 0.1& ZK,875,,
,C35 CETINAL SYR,882,118,CETIRIZINE
,S63 SNMC,883,,
,H02 HALOPERIDOL 1.5 MG,886,325,HALOPERIDOL
,B87 BELOVA MALAM AA1 (ACNE TOTOL),887,,
,B116 BELOVA PLATINUM STEP 2,888,,
,C16 CEFADROXIL 125 MG/60 ML,890,104,CEFADROXIL
,A30 ALLOPURINOL 300 MG,892,17,ALLOPURINOL
,"B92 BELOVA MALAM RACIK 12,5 GR",894,,
,B161 BICROLID 500,896,149,CLARITHROMYCIN
,M21 MEMBER BELOVA SKIN & BEAUTY CENTER (FREE POUCH),899,,
,T19 TERUMO 5 CC,906,,
,T17 TERUMO 10 CC,907,,
,T18 TERUMO 3 CC,908,,
,M42 MIKROMIST DEWASA,910,,
,R04 RANITIDIN TAB,911,620,RANITIDIN
,K31 KERTAS PUYER,912,,
,I09 INJECTION PLUG,913,,
,V09 VAXIGRIP TETRA SH,914,,
,A21 ALBOTHYL CONCENTRATE 10 ML,915,,
,T22 THREEWAY STOPCOCK,916,,
,N04 NACL 500 ML,917,,
,S08 SALEP GATAL 30GR,918,,
,B61 BELOVA DAY CREAM RACIK,919,,
,C85 CREAM RACIK,920,,
,B120 BELOVA RACIK AHA CERA,921,,
,A72 APHRODERMA NIGRA LIGHTENING CREAM,923,,
,D05 DESOLEX CREAM,926,,
,V18 VITACID CREAM 0.05%,928,,
,K36 KETOMED SS,931,,
,N07 NEBACETIN POWDER,932,,
,S43 SCABIMITE CREAM 30 G,933,,
,K03 KALIUM DIKLOFENAK 50 MG,934,381,KALIUM DIKLOFENAK
,H15 HELIATECH LOTION,935,,
,B163 BIOREPEEL CL3 (FACE),938,,
,D04 DERMAHEAL SB,939,,
,A58 ANTI BIOTIK COUTER,943,,
,A84 ATORVASTATIN 10 MG,944,53,ATORVASTATIN
,O14 OMEPRAZOLE CAP,948,529,OMEPRAZOLE
,K43 KOLICGON,949,341,HYOSCINE BUTYLBROMIDE
,K43 KOLICGON,949,548,PARACETAMOL
,D30 DOLONES CREAM,950,,
,D16 DIAZEPAM 2 MG,951,188,DIAZEPAM
,M32 METHYLPREDNISOLON 125 MG INJ,955,,
,D09 DEX 40%,959,,
,N13 NEUROAID II MLC 901,960,,
,C74 CREAM ANTI IRITASI 30GR,961,,
,T06 TCA 20% SOLUTION,962,,
,S07 SALEP ANTIBIOTIK,967,,
,I03 INERSON SALEP 15 GRAM,969,,
,P28 POT 30 GRAM,970,,
,F31 FORCE D 1000 IU,971,,
,P44 PROMO PAKET MAGIC POTION NEFERTITY,972,,
,M22 MEPTIN TAB 0.05,973,,
,D21 DIPHENHYDRAMINE HCL 10 MG/ML INJ,974,,
,B41 BELOVA CREAM CERAMIDE*,979,,
,C31 CERAMIDE 8GR,981,,
,C14 CARMED 20%,983,,
,C90 CREAM RACIK GATAL,986,,
,A46 AMOXSAN DRY SYRUP,990,30,AMOXYCILLIN
,V04 VAKSIN PREVENAR,993,1663,PNEUMOCOCCAL 13 VALENT
,A47 AMOXSAN FORTE DS,995,30,AMOXYCILLIN
,B58 BELOVA CREAM RACIK WAJAH RJ,1000,,
,B54 BELOVA CREAM RACIK BADAN RJ,1001,,
,C51 CLINIMIX,1002,42,ASAM AMINO
,C52 CLINOLEIC,1003,1664,ASAM LEMAK
,S69 SPARKLING GEL,1004,,
,S70 SPARKLING GEL PAKET,1005,,
,S04 SALEP & OBAT MINUM,1006,,
,I10 INTRASIT GEL,1007,,
,S34 SANPRIMA FORTE,1008,673,COTRIMOXAZOL
,S77 SPORETIK 100 MG,1010,108,CEFIXIME
,L14 LAZ CAP,1012,406,LANSOPRAZOLE
,B30 BELOVA BRIGHTENING DUO FOR NECK,1013,,
,A82 ATAROC 25 MCG,1014,602,PROCATEROL
,H24 HI-MG 200,1016,1665,MAGNESIUM CITRAT TRIBASIC HYDRATE
,B158 BHP,1017,,
,V08 VAXIGRIP TETRA NH,1020,743,VAKSIN INFLUENZA
,G12 GENTAMYCYN INJ,1021,306,GENTAMYCIN
,H29 HYDROCORTISONE 1%,1022,333,HYDROCORTISON
,D12 DEXTEEM PLUS,1025,183,DEXAMETHASONE
,D12 DEXTEEM PLUS,1025,184,DEXCLORPHENIRAMIN
,B82 BELOVA KAPSUL ACNE I,1026,,
,A52 ANTI ACNE II,1027,,
,C02 CALMING BRIGHTENING,1029,,
,B39 BELOVA CLEANSER,1030,,
,B53 BELOVA CREAM RACIK,1032,,
,B168 BOTOX ALERGAN,1033,,
,B169 BOTOX KOREA BOTULAX,1034,,
,S78 SPORETIK 200MG*,1035,108,CEFIXIME
,C81 CREAM FLEK TAHAP III,1036,,
,T53 TWO WAY CAKE BEIGE (03),1037,,
,T54 TWO WAY CAKE NATURAL,1038,,
,C87 CREAM RACIK 10 GRAM,1039,,
,V15 VICTOZA FlexPen,1040,1339,LIRAGLUTIDE
,P53 PROVE VIT 757 MG,1041,483,MULTIVITAMIN
,F14 FAT METABOLISM TRS,1044,,
,D39 DUO TAWAS,1045,,
,B126 BELOVA RETINOL CREAM,1050,,
,T46 TRILAC TABLET,1051,718,TRIAMCINOLON
,C98 CREAM RETINOL 5 ML,1052,,
,C76 CREAM COLLAGEN 10 GRAM,1053,,
,C92 CREAM RACIK LEHER,1054,,
,E11 ERPHAFILIN TABLET,1057,23,AMINOPHYLLIN
,VT12 3 ON XLO DOUBLE ASC,1058,,
,K45 KRIM RACIK NY. SRI KUSMIYATI,1060,,
,B56 BELOVA CREAM RACIK KHUSUS BI,1062,,
,B180 BELOVA RETINOL RACIK,1065,,
,B59 BELOVA CREAM VITILIGO ELX,1066,,
,N21 NORESTIL TABLET,1067,522,NORETHISTERONE
,G31 GRAPHA E,1069,778,VITAMIN E
,V26 VITOCAR*,1071,,
,S12 SALEP RACIK,1075,,
,B135 BELOVA SERUM RACIK,1076,,
,G26 GLUSHINE-X,1077,,
,F29 FOLIMID *,1078,,
,V25 VITOCAR,1079,1666,FISH OIL
,L27 LIPPOLAB,1080,,
,O10 OMEGA,1081,,
,F11 FAT BURNER,1084,,
,C79 CREAM FLEK TAHAP II,1085,,
,S53 SERUM RACIK NY. MEYLING,1086,,
,S13 SALEP RACIK *67,1087,,
,O32 OZEMPIK INJECTION,1088,,
,VT13 3 ON XLOMG3,1089,,
,P04 PAKET SILKY MASK,1091,,
,"B31 BELOVA BRIGHTENING NIGHT CREAM 12,5 GR",1093,,
,S16 SALEP RACIK GATAL,1097,,
,B45 BELOVA CREAM FLEK*,1098,,
,E20 EYE CREAM 5 GR,1099,,
,D07 DESOXIMETASONE 0.25 CREAM,1100,,
,C86 CREAM RACIK,1101,,
,B47 BELOVA CREAM KULIT KERING,1103,,
,B50 BELOVA CREAM PEMULIHAN,1104,,
,B57 BELOVA CREAM RACIK MALAM NALA,1107,,
,C78 CREAM FLEK TAHAP I,1108,,
,G21 GLUCOPHAGE XR 1000 MG,1109,453,METFORMIN
,VT2 2 ON ANTI AGING 15 BIJI,1111,,
,L13 LAXADIN SYR,1112,1615,PHENOLPTHALEIN
,L13 LAXADIN SYR,1112,320,GLYCERIN
,L13 LAXADIN SYR,1112,551,PARAFFIN LIQUID
,B122 BELOVA RACIK DES 12.5,1113,,
,B13 BELOVA ACNE SERIES PAKET,1115,,
,O02 OBAT ANTI ACNE & INFLAMASI,1116,,
,B133 BELOVA SERUM ACNE,1121,,
,S27 SANKORBIN INJEKSI,1124,774,VITAMIN C
,S28 SANKORBIN INJEKSI*,1125,774,VITAMIN C
,B113 BELOVA PAKET SELANGKANGAN,1126,,
,Q04 QV SKIN LOTION 500 ML,1129,,
,B164 BIOSAN,1132,,
,U01 ACNE SERUM RACIK,1133,,
,P30 POUCH HOLOGRAM BELOVA (FAMILIA),1135,,
,T51 TUMBLER BELOVA (FAMILIA),1136,,
,B10 BELOVA ACNE NIGHT CREAM 30G,1137,,
,B139 BELOVA SK LOTION,1140,,
,C94 CREAM RACIK STEP 1,1142,,
,C95 CREAM RACIK STEP 2,1143,,
,N18 NIGHT CREAM RACIK HWI,1144,,
,B48 BELOVA CREAM MALAM VC,1147,,
,P24 PLASMINEX INJEKSI,1148,50,ASAM TRANEKSAMAT
,S33 SANOXICAL KAPSUL,1151,791,ASTAXANTHIN
,Q01 Q TEN,1154,1667,L-CARNITIN
,T07 TEBUS VOCER -250000,1156,,
,B15 BELOVA AHA 8% 30 G,1157,,
,U08 URIEF,1158,649,SILODOSIN
,U07 URDAHEX,1159,52,ASAM URSODEOXYCHOLIC
,S61 SK LOTION STEP 1,1160,,
,S62 SKIN BARIER LOTION,1161,,
,A48 AMPICILLIN 500MG,1162,32,AMPICILLIN
,Q03 QV GENTLE WASH 250 G,1164,,
,B51 BELOVA CREAM PUNGGUNG MALAM RACIK,1165,,
,F12 FAT BURNER SUPLEMEN,1167,,
,F13 FAT LOSS SUPLEMEN,1168,,
,R16 RF SKIN TIGHTENING,1169,,
,M01 MAGNESIUM SULFAS 40% INJ,1170,,
,E09 EPISAN SYR 100 mL,1171,669,SUCRALFATE
,S15 SALEP RACIK BN 10 G,1172,,
,K23 KAPSUL RACIK**,1174,,
,T32 TOPICARE CERAMIDE CR,1175,,
,M17 MEDIRESIX 40 MG,1176,290,FUROSEMIDE
,K09 KAPSUL ANTI OKSIDAN OMEGA,1178,,
,B52 BELOVA CREAM PUNGGUNG STEP 2,1179,,
,S85 SULFADIAZINE SILVER,1180,,
,C47 CLANEKSI,1181,30,AMOXYCILLIN
,C47 CLANEKSI,1181,1647,ASAM KLAVULANAT
,V11 VELTHROM 10 MG,1182,699,THIAMAZOLE
,L32 LOPAMID,1183,428,LOPERAMIDE
,B121 BELOVA RACIK ARMPIT,1184,,
,S38 SANTA E 250 IU (20 KAPSUL),1185,778,VITAMIN E
,B138 BELOVA SK CREAM,1186,,
,A31 ALOCLAIR PLUS GEL 8 ML,1189,,
,T56 TWO WAY CAKE NORMAL RESELLER,1190,,
,S94 SALEP RACIK KBN,1191,,
,P57 PIOGLITAZONE 30 MG D,1192,573,PIOGLITAZON
,O33 OPSITE 9.5 X 8.5 CM,1193,,
,S96 SERUM SKIN BARRIER,1194,,
,S95 SANMETIDIN 200 MG,1195,141,CIMETIDINE
,S97 STELAZINE 5 MG,1198,723,TRIFLUOPERAZINE
,T57 TRACETAT SYR 60 ML,1199,436,MEGESTEROL
,C103 CREAM RACIK DU,1200,,
,T58 TREMENZA TAB*,1201,612,PSEUDOEPHEDRINE HCL
,T58 TREMENZA TAB*,1201,1574,TRIPROLIDINE
,P285B PAKET BRIGHTENING,1203,,
,P285A PAKET ACNE,1204,,
,P285BA PAKET BRIGHTENING ACNE,1205,,
,P285BTU PAKET BRIGHTENING TONE UP,1206,,
,S98 SICLIDON 100 MG,1207,211,DOXYCYCLINE
,S99 SALBULIN SPRAY,1208,637,SALBUTAMOL
,B189 BECOMZET*,1211,,
,N29 NEBACETIN OINTMENT,1212,506,NEOMYCIN SULFATE
,N29 NEBACETIN OINTMENT,1212,1646,BACITRACIN
,T59 TOPICARE CERAMIDE 15 G,1216,,
,C104 CREAM RACIK COUTER DC,1217,,
,M53 MODEXA,1218,479,MOMETASONE FUROATE
,M54 MEPTIN MINI,1219,602,PROCATEROL
,C100 CEFIXIME 200 MG,1220,108,
,S100 SALEP RACIK BN,1221,,
,C101 COLCHICINE 0.5 MG,1222,163,
,A90 ALBOTHYL 5 ML,1224,586,POLICRESULEN
,S101 SALEP RACIK HCBN,1225,,
,N30 NEUROSANBE PLUS,1228,,
,V38 VILDAGLIPTIN 50 MG,1229,764,VILDAGLIPTIN
,F39 FLAGYSTATIN OVULA,1230,467,METRONIDAZOLE/NYSTATIN
,S100 SKIN BRIGHT FIRMING LOTION,1231,,
,BELOVA ARMPIT LOTION,1232,,
,A91 ANTI IRITASI 5 G,1233,,
,P62 PRIMOLUT N,1237,522,NORETHISTERONE
,B190 BELOVA HAND CREAM,1239,,
,C112 CETIRIZIN SYR 60 ML,1240,118,CETIRIZINE
,K47 KAPSUL DIET,1241,453,METFORMIN
,K47 KAPSUL DIET,1241,417,LEVOTHYROXINE
,K47 KAPSUL DIET,1241,190,DIETILPROPION HCL
,K47 KAPSUL DIET,1241,1420,ORLISTAT
,K47 KAPSUL DIET,1241,290,FUROSEMIDE
,A92 ANTI IRITASI,1242,,
,SM02 MASKER KERING SPARKLING,1243,,
,TRANSOFIX,1244,,
,M65 MONARIN FC 10 MG,1245,480,MONTELUKAST
,K48 KAPSUL RACIK BP. SUHARDI,1246,,
,P59 PAKET POWER ACNE RANGER BASIC,1247,,
,P60 PAKET POWER ACNE RANGER SPECIAL MADE 3,1248,,
,P61 PAKET POWER ACNE RANGER SPECIAL MADE 5,1249,,
,K49 KAPSUL ANTI OKSIDAN OMEGA 15,1250,,
,M62 MOCHI SKIN SPECIAL MADE ULTIMATE,1256,,
,M66 MEPROCE 1000 INJ,1257,,
,THERASKIN PEELING GA 30% 100 ML,1258,,
,C107 CREAM KAKI,1262,,
,LIXIANA 60 MG,1264,218,EDOXABAN TOSYLATE
,HANDSCHOON STERIL MAXTER NO.7,1265,,
,F40 FLUOXETINE HCL 20MG,1266,1016,FLUOXETINE
,P63 POWEROKSI TAB,1267,1645,TETRASOD
,C109 CREAM BEKAS FLEK,1268,,
,T62 TRICHODAZOLE INFUS,1269,466,METRONIDAZOLE
,CREAM IRITASI KCS,1273,,
,B192 BELOVA SOOTHING CREAM RACIK,1274,,
,M64 MONURIL 3 G*,1275,287,FOSFOMYCIN
,B193 BELOVA CREAM RACIK ACNE CDCT,1279,,
,R29 RING AS DP INFUS,1282,,
,MESOSTABYL AMPOULES,1283,,
,L-CARNITINE AMPOULES 5 ML,1284,,
,K50 KELOID CREAM PREMIUM,1285,,
,C110 CYS-EC CREAM,1286,,
,S104 SPUIT 20 CC,1287,,
,C113 CEDOCARD 5 MG TAB,1288,376,ISOSORBIDE DINITRATE
,C111 CREAM RACIK DC 10 G,1289,,
,S113 SALEP RACIK PMT 30G,1292,,
,B194 BELOVA CREAM PUNGGUNG STEP 2B,1293,,
,FACE NADE,1297,,
,DNA Pept-HA,1299,,
,XEROSKIN-ID,1300,,
,CYNARA PLUS+,1301,,
,MCA 35,1302,,
,SKIN RECOVERY,1303,,
,01 MELINE INTIMATE,1304,,
,MG1 MONURIL GRANULE 3 G,1305,287,FOSFOMYCIN
,KR1 KAPSUL RACIK,1306,,
,SP01 SPORETIK 200 MG,1309,108,CEFIXIME
,LAMESON 16 MG TAB,1311,462,METHYLPREDNISOLON
,CR01 CORALAN 5 MG,1314,380,IVABRADINE
,P65 PERMETHRIN KRIM 5%,1315,564,PERMETHRIN
,KSN1 KAPSUL SESAK NEW,1317,602,PROCATEROL
,KSN1 KAPSUL SESAK NEW,1317,637,SALBUTAMOL
,KSN1 KAPSUL SESAK NEW,1317,23,AMINOPHYLLIN
,KSN1 KAPSUL SESAK NEW,1317,118,CETIRIZINE
,KSN1 KAPSUL SESAK NEW,1317,8,ACETYLSISTEIN
,CR02 CREAM RACIK,1319,,
,VE01 VELACOM PLUS 2/500,1320,453,METFORMIN
,VE01 VELACOM PLUS 2/500,1320,995,GLIMEPIRIDE
,CVN01 CERNEVIT*,1322,,
,A105 ASAM TRANEXAMAT 500 MG TAB,1332,50,ASAM TRANEKSAMAT
,CAP2 F1 CAP,1333,1420,ORLISTAT
,CAP3 M CAP,1334,417,LEVOTHYROXINE
,CAP3 M CAP,1334,190,DIETILPROPION HCL
,CAP3 M CAP,1334,453,METFORMIN
,CAP1 DO CAP,1335,1667,L-CARNITIN
,SF01 SURFLO/ABOCATH 22,1338,,
,DM02 DMT 1,1339,,
,DM03 DMT 2 (SOD),1340,,
,DM01 DMT LOTION,1341,,
,NF01 NOVOFINE 32G 4MM,1342,,
,BL01 BALANS,1344,,
,SRB1 SALEP RACIK BI,1351,,
,JD01 JARDIANCE 25 MG*,1356,225,EMPAGLIFOZIN
,GX01 GLYXAMBI 10+5 MG*,1357,225,EMPAGLIFOZIN
,GX01 GLYXAMBI 10+5 MG*,1357,423,LINAGLIPTIN
,CARVILOL 6.25 MG,1358,103,CARVEDILOL
,P67 POT KACA 15 G FROSTED SILVER,1359,,
,BOTOL KACA 20 ML BAHU DATAR,1360,,
,MG2 MONURIL GRANULE 3 G*,1366,287,FOSFOMYCIN
,HP01 HPI CAPS,1367,,
,HP02 HPI CAPS 2,1368,,
,CAPS3 M CAP*,1369,,
,M CAP*,1370,,
,CAPS2 F1 CAP*,1371,,
,CAPS1 DO CAP*,1372,,
,CAP7 DO CAPS,1373,,
,A200 KAPSUL ANTI BIOTIK,1377,,
,B195 BALANS,1380,,
,NR01 NITROKAF RETARD FORTE,1381,518,NITROGLISERIN
,JARDIANCE 10 MG FCT*,1383,225,EMPAGLIFOZIN
,XENICAL 120MG,1385,1420,ORLISTAT
,CAP4 F2 CAP,1386,,
,ZAC 10 MG,1389,1016,FLUOXETINE
,000293 SALEP RACIK IN BN,1394,,
,KAPSUL DIET NEW,1395,,
,000436 SALEP RACIK,1396,,
,S220 SALEP RACIK 001002,1400,,
,CAP5 F3 CAP,1401,,
,DUMIN RT 125 MG,1403,548,PARACETAMOL
,KAPSUL RACIK AMT4-PGB7,1407,,
,V44 VILDI TAB 50MG,1411,764,VILDAGLIPTIN
,S111 SALEP RACIK IN GM 2911,1412,,
,KAPSUL ANTI OXIDAN 1,1415,,
,MUPIROCIN 2% 5 GRAM CREAM,1416,484,MUPIROCIN
,MEDIKLIN,1417,,
,R31 RYVEL SYRUP,1419,118,CETIRIZINE
,BOTOL KAPSUL,1420,,
,WINTUELL,1423,,
,S108 SALEP RACIK BN4,1427,,
,JARDIANCE 10 MG FCT,1428,225,EMPAGLIFOZIN
,JARDIANCE 25 MG FCT,1429,225,EMPAGLIFOZIN
,BOTOL OBAT,1431,,
,IKALEP 250MG,1433,200,DIVALPROEX SODIUM
,"HALOPERIDOL 0,5 MG",1437,325,HALOPERIDOL
,PT1 POT 10GR,1440,,
,S118 SALEP RACIK 000026,1442,,
,S221 SALEP RACIK 001997,1443,,
,A97 ACNE PACKAGE 3PCS,1445,,
,A104 ASTHAXATINE,1446,791,ASTAXANTHIN
,KAPSUL PENCERAH,1447,,
,LASMALIN 2.5 MG,1448,690,TERBUTALINE SULFAT
,MESSAGE CREAM 250GR,1449,,
,MEMBER BLACK CARD,1450,,
,VITAZYM PLUS,1452,,
,S114 SANCOSTEIN CAP,1455,232,ERDOSTEIN
,C-05-E,1473,,
,RC6 C-02-B,1474,,
,RC15 C-04-C,1475,,
,RC1 C-01-A,1476,,
,RC2 C-01-B,1477,,
,RC9 C-03-C,1478,,
,RC14 C-04-B,1479,,
,RC3 C-01-C,1480,,
,RC5 C-02-A,1481,,
,RC7 C-03-A,1482,,
,RC8 C-03-B,1483,,
,RC10 C-03-D,1484,,
,RC11 C-03-E,1485,,
,RC12 C-03-F,1486,,
,RC13 C-04-A,1487,,
,RC16 C-04-E,1488,,
,RC17 S-03-A,1489,,
,RC18 S-03-B,1490,,
,RC19 S-04-A,1491,,
,RC20 S-04-B,1492,,
,RC4 C-01-D,1493,,
,RG-CHOLINE SYR,1494,147,CITICHOLINE
,VOUCHER MEMBER GET MEMBER,1495,,
,003098 SALEP RACIK IN GN,1496,,
,C-04-F,1498,,
,C-04-F,1503,,
,C-04-H,1504,,
,C-01-E,1505,,
,C-01-R,1506,,
,S-04-C,1507,,
,AO SOD 1,1508,,
,AO SOD 2,1509,,
,RCS SUPLEMENT FUNGAL ACNE,1510,,
,C-01-F CREAM FUNGAL,1511,,
,TENSOCREPE,1513,,
,C-01-F,1514,,
,C-01-G,1515,,
,C-03-G,1516,,
,C-03-H,1517,,
,F-01-A,1518,,
,ANALSIK TAB,1520,451,METAMIZOLE
,ANALSIK TAB,1520,188,DIAZEPAM
,436 SALEP RACIK,1522,,
,C-03-I,1525,,
,C-04-I,1526,,
,C-01-H,1527,,
,C-01-I,1528,,
,C-04-J,1529,,
,C-01-J,1530,,
,000026 SALEP RACIK,1531,,
,C-03-J,1532,,
,CR012 CREAM 3046,1533,,
,KAPSUL ANTIBIOTIK,1534,,
,A01 ANTI RADANG,1535,,
,SOD 5PCS,1536,,
,C-01-K,1537,,
,A201 ACNE VIT,1538,,
,KAPSUL RACIK ACNE,1539,,
,SALEP JAMUR,1540,,
,C-04-K,1541,,
,DIVITI PFS 2.5 MG/0.5 ML,1542,284,FONDAPARINUX
,C-01-L,1543,,
,SALEP GATAL RACIK,1544,,
,TWO WAY CAKE BEIGE,1545,,
,C-04-L,1547,,
,AO SOD 3,1549,,
,C-04-M,1550,,
,C151 SALEP ANTIBIOTIK,1551,,
,AO SOD 4,1552,,
,C-03-M,1553,,
,CREAM KAKI,1555,,
,LEVOFLOXACIN 500 MG INJEKSI,1556,415,LEVOFLOXACIN
,C-03-K,1557,,
,C-04-N,1558,,
,CEFIXIME 200 MG,1559,108,CEFIXIME
,C48 CLINDAMYCIN 300MG,1560,151,CLINDAMYCINE
,C-03-N,1562,,
,SRB4 SUPLEMEN DIET 1 MINGGU,1563,,
,SUPLEMEN SLIMMING*,1564,,
,C-03-O,1565,,
,C-04-O,1566,,
,N31 NEXURIN,1567,567,PHENAZOPYRIDINE
,AO SOD 4*,1568,,
,C114 CINAM INJ,1569,,
,C-04-P,1570,,
,SPARKLING,1571,,
,D45 DIVALPROEX SODIUM 250 MG,1573,200,DIVALPROEX SODIUM
,C-04-Q,1574,,
,C-03-P,1575,,
,1002 SALEP RACIK,1576,,
,KAPSUL SOD,1579,,
,C-03-Q,1580,,
,AZOMAX KAPLET,1581,58,AZITHROMYCIN
,C-04-R,1582,,
,TAB ANTI RADANG,1583,,
,C-04-S,1584,,
,SALEP RACIK 3424,1585,,
,MS01 MASKER SPARKLING,1586,,
,C-01-O,1587,,
,C-03-S,1588,,
,AR03 KAP TRX (30),1589,,
,C-03-R,1590,,
,CEFTIZOXIME 1 GR INJ,1591,,
,L47 LANAKELOID CREAM 10GR,1592,792,CENTELLA ASIATICA
,L47 LANAKELOID CREAM 10GR,1592,778,VITAMIN E
,C-04-T,1593,,
,L46 LIPROQY,1594,483,MULTIVITAMIN
,S-01-A,1595,,
,Q TEN-ANTIOKSIDAN,1596,,
,OXYGEN,1598,,
,C-01-P,1599,,
,SALEP KELOID,1600,,
,SUPLEMENT ACNE(30KAP),1601,,
,C-04-U,1602,,
,C-04-V,1603,,
,C-03-T,1604,,
,SALEP RACIK**,1605,,
,SALEP RACIK***,1606,,
,C-04-W,1607,,
,Q120,1608,,
,S-03-C,1609,,
,C-03-U,1610,,
,Q TEN ANTIOKSIDAN 1,1611,,
,C-03-V,1612,,
,AO SOD 4**,1613,,
,L48 LEVOCIN INFUS,1614,415,LEVOFLOXACIN
,C-02- B 30GR,1616,,
,Q 200 (30),1617,,
,C-04-X,1618,,
,SR-03-A,1619,,
,C152 CREAM ANTI IRITASI PAGI,1620,,
,C153 CREAM ANTI IRITASI MALAM,1621,,
,FLEET ENEMA,1623,1643,SODIUM BIFOSFAT
,FLEET ENEMA,1623,1644,DISODIUM FOSFAT
,FAKTU SUPP,1624,586,POLICRESULEN
,FAKTU SUPP,1624,1627,CINCHOCAINE
,C-03-X,1625,,
,C-03-L,1626,,
,DOLONES CREAM*,1628,418,LIDOCAIN
,DOLONES CREAM*,1628,1642,PRILOCAINE
,C-01-U,1629,,
,C-03-Y,1630,,
,L-01-A,1631,,
,L-01-B,1632,,
,Amlodipin 10 Inhealth,1637,26,AMLODIPINE
,Amlodipin 5 Inhealth,1638,26,AMLODIPINE
,Atorvastatin 10 Inhealth,1641,53,ATORVASTATIN
,Atorvastatin 20 Inhealth,1642,53,ATORVASTATIN
,Azithromycin 500 MG Inhealth,1645,58,AZITHROMYCIN
,Briclot Inhealth,1649,822,TICAGRELOR
,Canderin 16 Mg Inhealth,1650,92,CANDESARTAN
,Canderin 8 Inhealth,1651,92,CANDESARTAN
,Cefixime 100Mg Inhealth,1653,108,CEFIXIME
,Cefixime 200Mg Inhealth,1654,108,CEFIXIME
,Ciprofloxacin 500Mg Inhealth,1660,143,CIPROFLOXACIN
,"Concor 1,25 Mg Inhealth",1665,73,BISOPROLOL FUMARATE
,Diclofenac Potassium Inhealth,1667,1635,DICLOFENAC POTASSIUM
,Ezefer 10Mg Inhealth,1671,1232,EZETIMIBE
,Fenofibrate 100 Inhealth,1672,257,FENOFIBRATE
,Fenofibrate 300 Inhealth,1673,257,FENOFIBRATE
,Fluimucil Sirup Inhealth,1675,8,ACETYLSISTEIN
,Ketoconazole 200 Inhealth,1699,389,KETOCONAZOLE
,Lacidofil Cap Inhealth,1704,1655,LACTOBACILLUS HELVETICUS
,Lixiana 60 Mg Inhealth,1709,218,EDOXABAN TOSYLATE
,Metformin 500 Mg Inhealth,1712,453,METFORMIN
,Nevodio Inhealth,1720,504,NEBIVOLOL
,Respira Inhealth,1731,482,MOXIFLOXACIN HCL
,Rhinofed Inhealth,1732,612,PSEUDOEPHEDRINE HCL
,Rhinofed Inhealth,1732,1574,TRIPROLIDINE
,Rhinos Sr Inhealth,1733,429,LORATADINE
,Rhinos Sr Inhealth,1733,612,PSEUDOEPHEDRINE HCL
,"Trajenta Duo 2,5/500 Inhealth",1737,423,LINAGLIPTIN
,"Trajenta Duo 2,5/500 Inhealth",1737,453,METFORMIN
,Tramadol 50 Mg Inhealth,1738,714,TRAMADOL
,Triamcinolone 4 Mg Inhealth,1741,718,TRIAMCINOLON
,Urdahex Inhealth,1743,52,ASAM URSODEOXYCHOLIC
,VECTRIN KAP - ERDOSTEIN 300 MG - INHEALTH,1747,232,ERDOSTEIN
,Vildi Inhealth,1749,764,VILDAGLIPTIN
,Vomizole 20 Mg Inhealth,1750,546,PANTOPRAZOLE
,Zegavit Inhealth,1751,483,MULTIVITAMIN
,Ventolin Inhaler CFC Free Glax InHealth,1752,637,SALBUTAMOL
,Deculin 15 mg InHealth,1753,573,PIOGLITAZON
,Coxiron 60 mg Inhealth,1754,247,ETORICOXIB
,Coxiron 90 mg Inhealth,1755,247,ETORICOXIB
,Coxiron 120 mg Inhealth,1756,247,ETORICOXIB
,Esoferr 40 mg Inhealth,1757,240,ESOMEPRAZOLE
,Lipitor 20 mg Inhealth,1758,53,ATORVASTATIN
,Lipitor 40 mg Inhealth,1759,53,ATORVASTATIN
,Maltofer Chew Inhealth,1760,783,ZAT BESI
,Provelyn 75 mg Inhealth,1761,600,PREGABALIN
,Pariet 20 mg Inhealth,1762,503,NATRIUM RABEPRAZOL
,Pariet 10 mg Inhealth,1763,503,NATRIUM RABEPRAZOL
,Telsat 80/5 mg Inhealth,1764,683,TELMISARTAN
,Telsat 80/5 mg Inhealth,1764,26,AMLODIPINE
,Ezefer 10 mg Inhealth,1765,1232,EZETIMIBE
,"Harnal Ocas 0,4 mcg",1766,682,TAMSULOSIN
,Cetirizin 10 mg,1767,118,CETIRIZINE
,Festaric 80 mg INHEALTH - FEBUXOSTAT 80 MG,1769,255,FEBUXOSTAT
,Modexa 140 Nassal Spray,1770,479,MOMETASONE FUROATE
,Lacidofil,1772,1655,LACTOBACILLUS HELVETICUS
,Tradosik 50 mg,1773,714,TRAMADOL
,Eprinoc 50 mg,1774,228,EPERISONE
,Megabal 500 mg,1775,441,MECOBALAMIN
,Epexol 30 mg,1776,21,AMBROXOL
,Levocin 500 mg,1777,415,LEVOFLOXACIN
,Topcort Cream,1778,182,DESOXIMETASONE
,Flamar Cream,1779,498,NATRIUM DICLOFENAC
,Pregabalin 50 mg,1780,600,PREGABALIN
,Vectrin Syr Kering 175mg/5mL- INHEALTH,1782,232,ERDOSTEIN
,SPASMAL INHEALTH,1785,341,HYOSCINE BUTYLBROMIDE
,SPASMAL INHEALTH,1785,548,PARACETAMOL
,AZITRAN 500 MG INHEALTH,1786,58,AZITHROMYCIN
,SUCRALFATE 100 ML INHEALTH,1787,669,SUCRALFATE
,EPERISONE 50 INHEALTH,1788,228,EPERISONE
,CETIRIZINE 10 MG INHEALTH,1789,118,CETIRIZINE
,"HARNAL OCAS 0,4 MG INHEALTH",1790,682,TAMSULOSIN
,MERTIGO SR INHEALTH,1791,65,BETAHISTIN DIHYDROCHLORIDE
,PROVE D INHEALTH,1792,135,CHOLECALCIFEROL
,SANMOL 500 MG INHEALTH,1793,548,PARACETAMOL
,SIMVASTATIN 10 MG INHEALTH,1794,650,SIMVASTATIN
,MODEXA 140 DOSIS INHEALTH,1795,479,MOMETASONE FUROATE
,ELKANA TAB INHEALTH,1797,771,VITAMIN A
,ELKANA TAB INHEALTH,1797,777,COLECALCIFEROL (VITAMIN D3)
,ELKANA TAB INHEALTH,1797,773,VITAMIN B
,ELKANA TAB INHEALTH,1797,167,CURCUMA
,NEUROSANBE INHEALTH,1798,1653,PIPERIN NIGRI EXTRACT
,ORINOX 60MG - ETORICOXIB 60 MG,2000,247,ETORICOXIB
,PROBIOSTIM,2001,1654,PROBIOTIC
,PROBIOSTIM,2001,1655,LACTOBACILLUS HELVETICUS
,AZOMAX DRY SYR,2002,58,AZITHROMYCIN
,NESFOL,2003,1656,DIBASIC SODIUM PHOSPATE HEPTAHYDRATE
,NESFOL,2003,1657,SODIUM PHOSPATE MONOBASIC MONOHYDRATE
,KENALOG ORAL BASE,2125,718,TRIAMCINOLON
,AZITROMICIN DRY SIRUP,2129,58,AZITHROMYCIN
,ASCARDIA 80 MG - Acetosal 80 mg,2130,44,ASAM ASETILSALISILAT
,BURNAZIN 1% KRIM -INHEALTH,2131,1658,SILVER SULFADIAZINE
,CADUET 10/10 MG - Amlodipin 10 mg/ Atorvastatin 10 mg,2133,53,ATORVASTATIN
,CADUET 10/10 MG - Amlodipin 10 mg/ Atorvastatin 10 mg,2133,26,AMLODIPINE
,Coxiron 90 mg _ etoricoxib 90 mg (UMUM),2134,247,ETORICOXIB
,DAFOXA 10 MG - DAPAGLIFOZIN 10 MG,2135,173,DAPAGLIFLOZIN
,ERKOLIN TABLET,2136,147,CITICHOLINE
,EPISAN TAB -Sucralfate 500 mg tab,2137,669,SUCRALFATE
,FOLAVIT 1 MG,2138,45,ASAM FOLAT
,FARSIX Injeksi - Furosemide 10 mg/mL,2139,290,FUROSEMIDE
,INFLUVAC TETRA - VAKSIN INFLUENZA,2140,743,VAKSIN INFLUENZA
,KALTROFEN KRIM - INHEALTH,2141,390,KETOPROFEN
,LAPRAZ KAP - Lansoprazole 30 mg,2142,406,LANSOPRAZOLE
,LYRICA 75 Mg IINHEALTH - Pregabalin 75 mg,2143,600,PREGABALIN
,Maltofer Chewy,2144,783,ZAT BESI
,NORVASK 5 MG - INHEALTH,2145,26,AMLODIPINE
,NIACEF GEL - Nicotinamide 4%,2146,511,NICOTINAMIDE
,Nospirinal 80 mg,2147,44,ASAM ASETILSALISILAT
,Ondane Tab 4 mg,2148,530,ONDANSETRON
,Ondane 4 2mg/mL,2149,530,ONDANSETRON
,"PALENOX GEL - Adapalene 0,1%",2150,11,ADAPALENE
,PRO TB 2 DD - Rifampisin 450 mg; INH 300 mg,2151,625,RIFAMPICIN
,PRO TB 2 DD - Rifampisin 450 mg; INH 300 mg,2151,372,ISONIAZID
,Revolan 800 mg - Piracetam 800 mg,2152,577,PIRACETAM
,Revolan 1200 - Piracetam 1200 mg,2153,577,PIRACETAM
,REBAMIPIDE,2154,621,REBAMIPID
,SIRPLUS,2155,1659,SUCRALOSE
,SINOCORT 4 MG - TRIAMCINOLON 4 MG,2156,718,TRIAMCINOLON
,SULFASALAZIN TABLET,2157,674,SULFASALAZINE
,Sucralfate 500 mg Tab,2158,669,SUCRALFATE
,SANADRYL EKSPEKTORAN SYR,2159,197,DIPHENHYDRAMIN
,SANADRYL EKSPEKTORAN SYR,2159,1070,AMMONIUM CHLORIDA
,SANADRYL EKSPEKTORAN SYR,2159,1660,KALIUM SULFAGUAIKOLAT
,SANADRYL EKSPEKTORAN SYR,2159,1661,NATRIUM CITRAT
,SECRETOME,2160,1662,PROTEIN BIOAKTIF
,SANMOL FORTE - Paracetamol 650 mg,2161,548,PARACETAMOL
,Tradosik Injeksi - Tramadol Injeksi,2162,714,TRAMADOL
,VOSEDON 10 MG - Domperidone 10 mg,2164,206,DOMPERIDONE
,VOMETRAZ 4 MG TAB INHEALTH - Ondansetron 4 mg,2165,530,ONDANSETRON
,VOLTADEX 50 MG INHEALTH - Diclofenac sodium 50 mg,2166,498,NATRIUM DICLOFENAC
,VECTRIN DRY SIRUP- ERDOSTEIN 175 MG/5 ML,2167,232,ERDOSTEIN
,ZEGAVIT TABLET,2168,483,MULTIVITAMIN
,G04 GABAPENTIN 300 MG,169,295,GABAPENTIN
,,,,
,,,,
,,,,
,,,,
,,,,
,,,,
,,,,
,,,,
,,,,
,,,,
,,,,
,,,,
,,,,
,,,,
,,,,
,,,,
,,,,
,,,,
,,,,
,,,,
,,,,
,,,,
,,,,
,,,,
,,,,
,,,,
,,,,
,,,,
,,,,
,,,,
,,,,
,,,,
,,,,
,,,,
,,,,
,,,,
,,,,
,,,,
,,,,
,,,,
,,,,
,,,,
,,,,
,,,,
,,,,
,,,,
,,,,
,,,,
,,,,
,,,,
,,,,
,,,,
,,,,
,,,,
,,,,
,,,,
,,,,
,,,,
,,,,
,,,,
,,,,
,,,,
,,,,
,,,,
,,,,
,,,,
,,,,
,,,,
,,,,
,,,,
,,,,
,,,,
,,,,
,,,,
,,,,
,,,,
,,,,
,,,,
,,,,
,,,,
,,,,
,,,,
,,,,
,,,,
,,,,
,,,,
,,,,
,,,,
,,,,
,,,,
,,,,
,,,,
,,,,
,,,,
,,,,
,,,,
,,,,
,,,,
,,,,
,,,,
,,,,
,,,,
,,,,
,,,,
,,,,
,,,,
,,,,
,,,,
,,,,
,,,,
,,,,
,,,,
,,,,
,,,,
,,,,
,,,,
,,,,
,,,,
,,,,
,,,,
,,,,
,,,,
,,,,
,,,,
,,,,
,,,,
,,,,
,,,,
,,,,
,,,,
,,,,
,,,,
,,,,
,,,,
,,,,
,,,,
,,,,
,,,,
,,,,
,,,,
,,,,
,,,,
,,,,
,,,,
,,,,
,,,,
,,,,
,,,,
,,,,
,,,,
,,,,
,,,,
,,,,
,,,,
,,,,
,,,,
,,,,
,,,,
,,,,
,,,,
,,,,
,,,,
,,,,
,,,,
,,,,
,,,,
,,,,
,,,,
,,,,
,,,,
,,,,
,,,,
,,,,
,,,,
,,,,
,,,,
,,,,
,,,,
,,,,
,,,,
,,,,
,,,,
,,,,
,,,,
,,,,
,,,,
,,,,
,,,,
,,,,
,,,,
,,,,
,,,,
,,,,
,,,,
,,,,
,,,,
,,,,
,,,,
,,,,
,,,,
,,,,
,,,,
,,,,
,,,,
,,,,
,,,,
,,,,
,,,,
,,,,
,,,,
,,,,
,,,,
,,,,
,,,,
,,,,
,,,,
,,,,
,,,,
,,,,
,,,,
,,,,
,,,,
,,,,
,,,,
,,,,
,,,,
,,,,
,,,,
,,,,
,,,,
,,,,
,,,,
,,,,
,,,,
,,,,
,,,,
,,,,
,,,,
,,,,
,,,,
,,,,
,,,,
,,,,
,,,,
,,,,
,,,,
,,,,
,,,,
,,,,
,,,,
,,,,
,,,,
,,,,
,,,,
,,,,
,,,,
,,,,
,,,,
,,,,
,,,,
,,,,
,,,,
,,,,
,,,,
,,,,
,,,,
,,,,
,,,,
,,,,
,,,,
,,,,
,,,,
,,,,
,,,,
,,,,
,,,,
,,,,
,,,,
,,,,
,,,,
,,,,
,,,,
,,,,
,,,,
,,,,
,,,,
,,,,
,,,,
,,,,
,,,,
,,,,
,,,,
,,,,
,,,,
,,,,
,,,,
,,,,
,,,,
,,,,
,,,,
,,,,
,,,,
,,,,
,,,,
,,,,
,,,,
,,,,
,,,,
,,,,
,,,,
,,,,
,,,,
,,,,
,,,,
,,,,
,,,,
,,,,
,,,,
,,,,
,,,,
,,,,
,,,,
,,,,
,,,,
,,,,
,,,,
,,,,
,,,,
,,,,
,,,,
,,,,
,,,,
,,,,
,,,,
,,,,
,,,,
,,,,
,,,,
,,,,
,,,,
,,,,
,,,,
,,,,
,,,,
,,,,
,,,,
,,,,
,,,,
,,,,
,,,,
,,,,
,,,,
,,,,
,,,,
,,,,
,,,,
,,,,
,,,,
,,,,
,,,,
,,,,
,,,,
,,,,
,,,,
,,,,
,,,,
,,,,
,,,,
,,,,
,,,,
,,,,
,,,,
,,,,
,,,,
,,,,
,,,,
,,,,
,,,,
,,,,
,,,,
,,,,
,,,,
,,,,
,,,,
,,,,
,,,,
,,,,
,,,,
,,,,
,,,,
,,,,
,,,,
,,,,
,,,,
,,,,
,,,,
,,,,
,,,,
,,,,
,,,,
,,,,
,,,,
,,,,
,,,,
,,,,
,,,,
,,,,
,,,,
,,,,
,,,,
,,,,
,,,,
,,,,
,,,,
,,,,
,,,,
,,,,
,,,,
,,,,
,,,,
,,,,
,,,,
,,,,
,,,,
,,,,
,,,,
,,,,
,,,,
,,,,
,,,,
,,,,
,,,,
,,,,
,,,,
,,,,
,,,,
,,,,
,,,,
,,,,
,,,,
,,,,
,,,,
,,,,
,,,,
,,,,
,,,,
,,,,
,,,,
,,,,
,,,,
,,,,
,,,,
,,,,
,,,,
,,,,
,,,,
,,,,
,,,,
,,,,
,,,,
,,,,
,,,,
,,,,
,,,,
,,,,
,,,,
,,,,
,,,,
,,,,
,,,,
,,,,
,,,,
,,,,
,,,,
,,,,
,,,,
,,,,
,,,,
,,,,
,,,,
,,,,
,,,,
,,,,
,,,,
,,,,
,,,,
,,,,
,,,,
,,,,
,,,,
,,,,
,,,,
,,,,
,,,,
,,,,
,,,,
,,,,
,,,,
,,,,
,,,,
,,,,
,,,,
,,,,
,,,,
,,,,
,,,,
,,,,
,,,,
,,,,
,,,,
,,,,
,,,,
,,,,
,,,,
,,,,
,,,,
,,,,
,,,,
,,,,
,,,,
,,,,
,,,,
,,,,
,,,,
,,,,
,,,,
,,,,
,,,,
,,,,
,,,,
,,,,
,,,,
,,,,
,,,,
,,,,
,,,,
,,,,
,,,,
,,,,
,,,,
,,,,
,,,,
,,,,
,,,,
,,,,
,,,,
,,,,
,,,,
,,,,
,,,,
,,,,
,,,,
,,,,
,,,,
,,,,
,,,,
,,,,
,,,,
,,,,
,,,,
,,,,
,,,,
,,,,
,,,,
,,,,
,,,,
,,,,
,,,,
,,,,
,,,,
,,,,
,,,,
,,,,
,,,,
,,,,
,,,,
,,,,
,,,,
,,,,
,,,,
,,,,
,,,,
,,,,
,,,,
,,,,
,,,,
,,,,
,,,,
,,,,
,,,,
,,,,
,,,,
,,,,
,,,,
,,,,
,,,,
,,,,
,,,,
,,,,
,,,,
,,,,
,,,,
,,,,
,,,,
,,,,
,,,,
,,,,
,,,,
,,,,
,,,,
,,,,
,,,,
,,,,
,,,,
,,,,
,,,,
,,,,
,,,,
,,,,
,,,,
,,,,
,,,,
,,,,
,,,,
,,,,
,,,,
,,,,
,,,,
,,,,
,,,,
,,,,
,,,,
,,,,
,,,,
,,,,
,,,,
,,,,
,,,,
,,,,
,,,,
,,,,
,,,,
,,,,
,,,,
,,,,
,,,,
,,,,
,,,,
,,,,
,,,,
,,,,
,,,,
,,,,
,,,,
,,,,
,,,,
,,,,
,,,,
,,,,
,,,,
,,,,
,,,,
,,,,
,,,,
,,,,
,,,,
,,,,
,,,,
,,,,
,,,,
,,,,
,,,,
,,,,
,,,,
,,,,
,,,,
,,,,
,,,,
,,,,
,,,,
,,,,
,,,,
,,,,
,,,,
,,,,
,,,,
,,,,
,,,,
,,,,
,,,,
,,,,
,,,,
,,,,
,,,,
,,,,
,,,,
,,,,
,,,,
,,,,
,,,,
,,,,
,,,,
,,,,
,,,,
,,,,
,,,,
,,,,
,,,,
,,,,
,,,,
,,,,
,,,,
,,,,
,,,,
,,,,
,,,,
,,,,
,,,,
,,,,
,,,,
,,,,
,,,,
,,,,
,,,,
,,,,
,,,,
,,,,
,,,,
,,,,
,,,,
,,,,
,,,,
,,,,
,,,,
,,,,
,,,,
,,,,
,,,,
,,,,
,,,,
,,,,
,,,,
,,,,
,,,,
,,,,
,,,,
,,,,
,,,,
,,,,
,,,,
,,,,
,,,,
,,,,
,,,,
,,,,
,,,,
,,,,
,,,,
,,,,
,,,,
,,,,
,,,,
,,,,
,,,,
,,,,
,,,,
,,,,
,,,,
,,,,
,,,,
,,,,
,,,,
,,,,
,,,,
,,,,
,,,,
,,,,
,,,,
,,,,
,,,,
,,,,
,,,,
,,,,
,,,,
,,,,
,,,,
,,,,
,,,,
,,,,
,,,,
,,,,
,,,,
,,,,
,,,,
,,,,
,,,,
,,,,
,,,,
,,,,
,,,,
,,,,
,,,,
,,,,
,,,,
,,,,
,,,,
,,,,
,,,,
,,,,
,,,,
,,,,
,,,,
,,,,
,,,,
,,,,
,,,,
,,,,
,,,,
,,,,
,,,,
,,,,
,,,,
,,,,
,,,,
,,,,
,,,,
,,,,
,,,,
,,,,
,,,,
,,,,
,,,,
,,,,
,,,,
,,,,
,,,,
,,,,
,,,,
,,,,
,,,,
,,,,
,,,,
,,,,
,,,,
,,,,
,,,,
,,,,
,,,,
,,,,
,,,,
,,,,
,,,,
,,,,
,,,,
,,,,
,,,,
,,,,
,,,,
,,,,
,,,,
,,,,
,,,,
,,,,
,,,,
,,,,
,,,,
,,,,
,,,,
,,,,
,,,,
,,,,
,,,,
,,,,
,,,,
,,,,
,,,,
,,,,
,,,,
,,,,
,,,,
,,,,
,,,,
,,,,
,,,,
,,,,
,,,,
,,,,
,,,,
,,,,
,,,,
,,,,
,,,,
,,,,
,,,,
,,,,
,,,,
,,,,
,,,,
,,,,
,,,,
,,,,
,,,,
,,,,
,,,,
,,,,
,,,,
,,,,
,,,,
,,,,
,,,,
,,,,
,,,,
,,,,
,,,,
,,,,
,,,,
,,,,
,,,,
,,,,
,,,,
,,,,
,,,,
,,,,
,,,,
,,,,
,,,,
,,,,
,,,,
,,,,
,,,,
,,,,
,,,,
,,,,
,,,,
,,,,
,,,,
,,,,
,,,,
,,,,
,,,,
,,,,
,,,,
,,,,
,,,,
,,,,
,,,,
,,,,
,,,,
,,,,
,,,,
,,,,
,,,,
,,,,
,,,,
,,,,
,,,,
,,,,
,,,,
,,,,
,,,,
,,,,
,,,,
,,,,
,,,,
,,,,
,,,,
,,,,
,,,,
,,,,
,,,,
,,,,
,,,,
,,,,
,,,,
,,,,
,,,,
,,,,
,,,,
,,,,
,,,,
,,,,
,,,,
,,,,
,,,,
,,,,
,,,,
,,,,
,,,,
,,,,
,,,,
,,,,
,,,,
,,,,
,,,,
,,,,
,,,,
,,,,
,,,,
,,,,
