id,nama
1,Belova Bakuchiol Niacinamide Serum
3,Belova DNA Salmon Cream
4,Belova Brightening Night Cream with Tranexamic Acid
5,Belova DNA Salmon Toner with Centella
6,Belova DNA Salmon Facial Wash with Centella
7,Belova B2B Toner for Acne with Beta Glucan and BHA
8,Belova B2B Facial Wash for Acne with Beta Glucan and BHA
10,Belova Brightening Peeling Kit (Mandelic acid and Glycolic acid)
11,Belova Acne Peeling Kit (Mandelic acid and Salicilic Acid)
19,Belova Thats What I Need Sunscreen
20,Belova Sunscreen For Man
23,Belova Tone-Up Sunscreen
35,Belova Tirai SPF 40
36,Belova Tirai SPF 50
38,Belova Acne Night Cream
40,Belova Eye Serum
56,AZITHROMYCIN TAB
57,BISOPROLOL 5 MG
58,BRAXIDIN Tablet
59,CAR Q
60,CLINDAMYCIN 300 MG Kapsul
61,CLONIDIN Tablet
62,CLOPIDOGREL 75MG Tablet
63,DISOLF Tablet
64,DOXICOR Kapsul
65,FARMALAT
66,FARSORBID
67,FEBURIC
68,FENOFIBRAT 300 MG Kapsul
69,FLAMICORT 4 MG TAB Tablet
70,KAPSUL ACNE
73,LEVOFLOXACIN 500 MG TABLET
74,LYCOXY KAPLET
75,METFORMIN 500 MG TABLET
76,ASPILET 80 MG TABLET 
77,PARIET 20 MG TABLET 
79,SANCOIDAN KAPSUL
82,SISTENOL KAPLET
83,STARCEF 100 MG KAPSUL
84,TRIAMCINOLON 4 MG TABLET 
85,TRICHODAZOL 500 MG KAPLET
86,TUZALOS TABLET 
87,URINTER KAPSUL
88,VECTRIN KAP KAPSUL
89,XARELTO 10 MG TABLET 
92,ATORVASTATIN 20 MG TABLET 
93,"CONCOR 2,5 MG TABLET "
94,DIGOXIN TABLET 
96,DOGMATIL 50 mg KAPSUL
97,ADALAT OROS TABLET 
101,CANDERIN 16 MG TABLET 
102,TRACETAT SUSPENSI 200 ML
105,AVODART TABLET 
106,CAPTOPRIL 25 MG TABLET 
107,RIFAMPICIN 600 MG
109,TRACETAT 160 mg TABLET
110,EPISAN SIRUP 200 mL
112,ACARBOSE 50 MG TABLET 
113,AMITRIPTILIN 25 MG TABLET 
115,"JARDIANCE DUO 12,5/1000 MG TABLET "
117,AMARYL M 1 MG TABLET
118,GLUCOPHAGE XR 500 MG  TABLET
119,VENOSMIL 200 MG TABLET
120,GLUCOPHAGE XR 750 MG  TABLET
121,RESPIRA 400 MG TABLET
125,ACTOS 30 MG TABLET
126,"JARDIANCE DUO 12,5/500 MG  TABLET"
128,AMINEFRON TABLET
129,ITRACONAZOLE TABLET
133,CANDESARTAN 16 MG TABLET
134,"CONCOR 1,25 MG TABLET"
135,XARELTO 20 MG TABLET
136,KENDARON 200 MG TABLET
137,CANDERIN 8 MG  TABLET
138,GLUTATION 
139,CONCOR 5 MG 
140,"BISOPROLOL 2,5 MG TABLET "
141,GLUCODEX 80 MG
142,ASAM URSODEOXYCHOLIC KAPSUL
143,HEXADOL MOUTHWASH
144,HERBESSER CD 200 MG KAPSUL
145,LIVRON B PLEX TABLET 
146,RAMIPRIL 10 MG TABLET 
147,TIARYT
148,PRO TB 4
151,ACARBOSE 100 MG TABLET 
153,EUTHYROX 100 MG TABLET 
155,APISATE 75 MG TABLET 
156,LIPITOR 20 MG
157,FUROSEMID 40 MG INJEKSI
158,VITAMIN B COMPLEX TABLET 
159,KAMYFET 500 MG  TABLET 
160,"RAMIPRIL 2,5 MG TABLET "
161,PIRONOLACTON 25 MG TABLET 
163,REPIMIDE
164,GUARPOSIDE 5 mg  TABLET 
165,PARATUSIN TABLET 
166,CETIRIZIN 10 MG TABLET 
169,GABAPENTIN 300 MG KAPSUL
170,KAPSUL SESAK
171,NIFEDIPIN 10 MG TABLET 
172,ORINOX 120 MG TABLET
173,NITROKAF RETARD FORTE 
176,ULSIDEX
179,CEFIXIME 100 MG
180,SODIUM BICARBONAT 100 MG TABLET
181,OBH SIRUP 100 ML
182,FESTARIC 80 mg TABLET
185,RECOLFAR
186,DOLO NEUROBION TABLET 
188,EPERISON 50 mg TABLET 
189,CELEBREX 200 MG  KAPSUL
190,CAPTOPRIL 50 MG 
191,VOSEA TABLET 
193,LONIDE TABLET 
194,NEW DIATAB TABLET 
196,ELKANA SIRUP
197,PRO TB2
199,ERICAF
200,TREMENZA TABLET
201,SANTA E 100 (BOTOL)
202,SANTA E 250 (BOTOL)
203,SANTA E 400 (BOTOL)
204,KAPSUL BATUK
206,CANDESARTAN 8 MG TABLET 
207,DOXYXICLIN 100 MG
208,OSELTAMIVIR
209,RHINOS SR KAPSUL
210,SPIRONOLACTON 100 MG 
211,NUCRAL SYR 100 ML
212,KALNEX 500 MG
213,LASAL SYR
218,METHYLPREDNISOLON 4 MG
219,AMLODIPIN 10 MG
222,NUCRAL SUSP 200 ML
225,KETOPROFEN 50 MG
226,"ALPRAZOLAM 0,5 MG"
227,PROPANOLOL 10 MG
229,ONDANSETRON 8 MG TABLET
230,SANMOL 500 MG TABLET
231,PROVE D3-1000 IU
233,INTUNAL FORTE
234,OSTEOSAN 1000 MG
235,GEMFIBROSIL 300
237,KALXETIN 10 MG 
241,PREGABALIN 75 MG
245,CEFSPAN 30 ML SIRUP
246,GLUMIN XR 750 MG
247,FENOFIBRAT 100 MG
248,CIMETIDIN 200 MG
251,HECOSAN SACHET
254,ZINC  20 MG TABLET
255,L-CISIN 0.5 MG
256,TEMPRA SIRUP
265,TRIZEDON MR 2 MG
268,GRAFADON 500 MG
271,KAPSUL RACIK DIET (MET 300)
273,LEPARSON 
277,GABAPENTIN 100 MG
279,OSCAL
281,PHENYTOIN 100 MG
282,"REINPID 0,5 MG"
284,PIOGLITAZONE 30 MG
285,CITICHOLIN 500 MG
286,CODEIN 10 MG
292,LORATADINE 10 MG
293,RILLUS TAB
294,LAMESON 4 MG
295,RAMIPRIL 5 MG
296, KETOCONAZOL TAB
298,ROSUVASTATIN 10 MG
302, KETOPROFEN 100
303,AMLODIPIN 5 MG
304,MYONEP
305,BUSCOPAN PLUS
306,CALORLOSS
308,V-BLOCK 25 MG 
309,CETINAL 10 MG
311,FLUIMUCYL SIRUP
312,GLUCOSAMIN 250 MG
314,DOMPERIDON 10 MG
315,CIPROFLOXACIN 500 MG
316,METRONIDAZOL 500 MG
317,CEFADROXIL 500 MG
318,"TAMSULOSIN 0,4 MG"
319,VENOSMIL GEL
321,RHINOFED
322,BETADINE GARGLE 190 ML
323,KOMPOLAX 60 ML SIRUP
325,GLICLAZIDE 80 MG
326,METFORMIN 850 MG
327, PROPANOLOL 40 MG
329,STATOR 20 MG 
331,GLIMEPIRIDE 3 MG
332, KALITAKE SACHET
333, CLORILEX 25 MG 
334,CLOZAPINE 100 MG
335, SILDENAFIL CITRAT 100 MG
336, OFLOXACIN 400 MG
337,BRICLOT 90 MG
338,EFC-1
340,BESANMAG
342,PIOGLITAZONE 15 MG
343,FENOSUP LIDOSE 160 MG
344,VOMETA FT 10 MG
345,PREDNISON 50 MG 
347,DULCOLAX TAB
348,ALLOPURINOL 100 MG
349,GLIMEPIRIDE 1 MG
350,GLIMEPIRIDE 2 MG
351,EUTHYROX 50 MG
352,FAKTU OINTMENT
353,HYDROCORTISON 2.5% 5 GRAM 
354,NILACELIN SIRUP
356,SPORACID 100 MG
357,PARATUSIN SIRUP
358,AMBROXOL 30 MG
359,BIOPLACENTON
360,FORXIGA 10 MG 
361,FG TROCHES
363,HECOSAN SIRUP 120 ML
364,OZEMPIC DUAL DOSE PEN
365,MECOBALAMIN KAPSUL 500 MCG
366,ACETYLCYSTEIN 200 MG
368,DONEPEZIL TAB
369, LACTAS CALCICUS 500 MG
370, LANSOPRAZOL 30 MG
372,VOLEQUIN 500 mg
373,GLIQUIDONE 30 MG
374,CLOBAZAM 10 MG
375, ALPRAZOLAM 1 MG
376,KETOCONAZOLE 2% CREAM 10 Gram
377,ELKANA CL Sirup 120 ml
378,CEFAT DRY Sirup 60 ml
379,EYEFRESH 0.6 ML MINIDOSE
380,CEFTRIAXONE INJ 1 G
382,CLOZAPINE 25 MG
384,PROSPIDE TAB 100 MG
385,KETESSE 25 MG TAB
386,PROPYLTHIOURACIL 100 MG
388,NEVODIO 5 MG
389,GASTROFER INJ 40 MG
390,ISOSORBIDE DINITRAT 5 MG
391,SALBUTAMOL 2 MG
392,IBUPROFEN 400 MG
393,ASAM MEFENAMAT 500 MG
394,DOHIXAT 100 MG
395,BELOVA HAIR GROW SHAMPOO
396,HEPA BALANCE
397, CTM 4 MG
398,CODIPRONT CAP
399,MST CONTINUS 10 MG
400,TRAMADOL 50 MG CAP
401,RYZODEG FLEX TOUCH
402,BECOMZET
405,Serum Acne Ufi
407,Baby De Biosanitizer 100 mL
408,BELOVA CREAM FLEK
410,Belova Loose Powder Acne
411,Belova Loose Powder Whitening
413,Belova Pagi AHA2
414,Belova Malam Acne
415,Belova Pagi AA
416, Belova Pagi AA2
429,BOX PACKING
430,POUCH
431,PAPER OBAT
432, DOMPET RAJUT
433,KACA BELOVA
434, DOKTER LEMON
435,ARDIUM 500 MG
436,BLOPRESS 8 MG
437, ALPENTIN 100 MG
438,CURCUMA FORCE
439,SANMOL 1 GRAM INFUS
440,OMEPRAZOLE 40 MG INJ
444,DEXAMETHASON 0.5 MG TAB
445, COTRIMOXAZOLE TAB
446,CRAVIT 750 MG 150 ML INFUS
447,HYOSCINE 20 MG INJEKSI
448,FLUIMUCIL 300 MG INJEKSI
449,NEEDLE 30
450, IRBESARTAN 300 MG
451, NEEDLE 26
452, NEEDLE 25
453, KASSA STERIL
454,ALKOHOL SWAB
455,TRIAMCINOLON INJ 10 MG/ ML (5 ML)
456,VITAMIN C + COLLAGEN RODOTEX
457,CERNEVIT INJEKSI
458, NOVOFINE
460,HANDSCHOON
463, NACL 100 ML
464,NOVORAPID
466,LEVEMIR
467,PEHACAIN
468,RL 500 ML
473, SURFLO/ABOCATH 24
474,TRANFUSI SET
475, URINE BAG
476,WING NEEDLE
477,NEEDLE 32
479,ONDANSETRON 8 MG INJEKSI
480,WATER FOR INJECTION 25 ML
484,HEMAPO 3000 IU
485,PLESTERIN
491,ONDANSETRON 4 MG TAB
492,KETOROLAC 30MG
494, CITICHOLIN 500 MG INJEKSI
495, LAPIBAL INJEKSI
496,MESOESTETIC WHITE SOLUTION
497,VIVENA
498,TATIONIL INJEKSI
501,DEXAMETHASON INJ
502,INJECT WHITE KROMOSOM
510, HOME PEELING KIT
511, KAPSUL ANTI OXIDANT
512,CARA PAKAI
513,Masker Peel Off
514,BELOVA RACIK GATAL
519,FLUNARIZINE 5 MG
520,KAPSUL RACIK
521, INFUS VITAMIN
523,ASAM FOLAT 1 MG
524,BETAHISTINE MESILATE
527,V-BLOCK 6.25 MG
529,METHYLPREDNISOLON 8 MG
530,NOVOMIX
535,ANTI INFLAMASI
536,PREBIOTIK
537,HQ 5 ULTRA
538,ACNE CREAM DAY & NIGHT
540, PIL FLEK
541,HYDROXYUREA MEDAC 500 MG
542,CENDO XITROL 5 ML
543, ALOCLAIR PLUS MOUTHWASH
544,RETINOL PEELING
545, GLIMEPIRIDE 4 MG
546,MUPIROCIN 2% 10 GRAM OINTMENT
547, CREAM MALAM RACIK HT
548,BELOVA MILK CLEANSER
549,LACIDOFIL CAP
551, GA 70 PEELING SOL 60 ML
552,"HARNAL OCAS 0,4 MG"
553,SANDEPRIL 50 MG
555,KAPSUL RACIK DE
561,ANTI IRITASI
562,NEO PROLIVA
563,BELOVA SUNSCREEN SPRAY
564,CLINDAMYCIN 500 GRAM
566,SOOTHING CREAM 12.5 GRAM
568, ACYCLOVIR 400 MG TAB
569, METHYLPREDNISOLON 16 MG
570,HCT 25 MG
571, L CARNITIN
572,Serum Booster Flek Essence 10 mL
573,Facial Wash AHA
574, Sunblock SPF 40 Water Drop
576, RETINOL PEELING
580, SARUNG TANGAN MAXTER NO 7
581,OMEPRAZOLE 20 MG KAP
582,BELOVA NIGHT CREAM RACIK
583, LEVOPAR 
587,ANTI ACNE II
589,MEDIXON INJ 125 MG
590,KETESSE INJ 50 MG
591,Serum Booster Step 2
595,RECALUS
596,MASKER
602, PLATINUM BAHAN BAKU
603,DESONIDE BAHAN BAKU
604,PREMIUM BAHAN BAKU
605,BHP INFUS
606, VALAMIN
607,INFUS SET
609,KAPSUL WHITENING /KAP
610, Belova Facial Wash
611, Belova Facial Wash Acne
612,Belova Oxy Spray
613, Belova cream Ketiak
614,SANBE-HAIR 60 ML
615,BELOVA HAIR GROW
616, BD-ULTRA FINE PRO 0.23 X 4 MM
617,KAPSUL KOSONG
619,KSR 600 MG 
620, PARACETAMOL 500 MG
622,SANTAGESIC INJEKSI
623, TERAZOSIN 2MG
629,BETASON-N 5GR
630, BELOVA MALAM AHA
636,CHLORPROMAZINE 100MG
651, DILTIAZEM 30 MG
652, REGROU 30 ML
653,EXCELENT BAHAN BAKU
654,TRETINOIN BAHAN BAKU
655,AHA 8% CREAM BAHAN BAKU
656,ACNE CREAM BAHAN BAKU
657,MASSAGE CREAM
658,SOOTHING CREAM BAHAN BAKU
659,AHA NEUTRALIZER
663,ZITANID
664, LISINOPRIL 10 MG
665, ALKOHOL 70 %
666,JERIGEN
671, THYROZOL 10 MG - Thyamazole
677, BELOVA SOLUTION SERUM FOR ACNE 15ML
679,SCRUB
682,BRAINACT 500 MG TAB
683, ANTIBIOTIK 5 G
685,HAVE FUN GO MATTE LIP CREAM- DREAM
686, HAVE FUN GO MATTE LIP CREAM-FIGHT
688,KAPSUL RACIK
690, BELOVA ANTI IRITASI RACIK
691,HAVE FUN GO MATTE LIP CREAM-CAPPADOCIA
692,HAVE FUN GO MATTE LIP CREAM-HERS
693,HAVE FUN GO MATTE LIP CREAM-HAPPINES
694, SALEP ANTI BIOTIK 10GR
697,VAKSIN HEPATITIS
698,SANDEPRIL 12.5 MG
700,HALOPERIDOL 5 MG
704,LASIX 40 MG
705,VIP ALBUMIN
706, LIDOCAIN 2% INJEKSI
707,LYNAE MAZTHIONE
708,OZEMPIC SINGLE DOSE PEN
709, TRIHEXYLPHENIDIL
710,RISPERIDON 2 MG
711,HEXYMER 2 MG
712,BRIGHTENING TRANEX CREAM RACIK
714,MESOESTHETIC WHITENING SOLUTION
717,AVAMIST NASAL SPRAY
724, FLEET PHOSPOSODA
726,PEELING RETINOL
727,BELOVA HAIR SERUM
728, CENDO LYTEERS 15 ML
729,XEPAZYM 
731,DIAGIT 
733,VOMETA SYR
734, VIT D
735,SERUM BOOSTER FLEK
740,ULTRAPROCT N GEL
743,THROMBOPHOB GEL
744, CENFRESH EYE DROP 5 CC
746,ANTI INFLAMASI TAB
747, SCRUB 500GR
748,CREAM ANTI IRITASI
749,MASKER WHITENING 500GR
751,DIMENHIDRINATE
752,GENTASOLON 5 GRAM CREAM
753,SALEP RACIK
755, ANTI KOLESTEROL
756,BELOVA SERUM RAMBUT RONTOK
758,AMINEXIL TREATMENT HAIR SERUM (ANTI RONTOK)
761, BELOVA TLA NIGHT CREAM
762, SIMVASTATIN 10 MG
764, CERAMIDE BAHAN BAKU
765,KITODERM GIGA WHITE PEEL GEL 100 ML
766, GA 70 PEELING SOLUTION 100 ML
767,THERASKIN PEELING GA 20% 100 ML
768, ACNE DAY CREAM BAHAN BAKU
769,MASKER ACNE BAHAN BAKU
770,PROPEPSA SYR
773,BELOVA CREAM ACNE TOTOL RACIK
774,MICROLAX SUPP
780,TABUNG O2
781,CIASTAR YELLOW 10 MG
782,UFINES ECTA CREAM
783,UFINES VITA B RADIANT GEL 15 ML
784,MASKER BRIGHTENING BAHAN BAKU
785, FACIAL SCRUB IMMORTAL
786, MECOBALAMIN INJ
787,SIMARC 2 MG
790,CATAFLAM 50MG
791,SILDENAFIL CITRAT 50 MG
792,"RHEUTREX 2,5 mg"
793,LUNGENE RAPID TEST
794, KITODERM PEELING GA 20 100 ML
795, CLINDAMYCIN GEL BAHAN BAKU
798,BELOVA ACNE SERUM
799,BELOVA ANTI ACNE
800, BELOVA DAY CREAM RACIK
801, BELOVA NIGHT CREAM RACIK
802,ANTI IRITASI TABLET
813, BUBBLE WRAP
814, DBI LIGHTENING ESSENCE
815,BELOVA SKIN CORECTOR
816, METHOTREXATE TAB
817,COMBIVENT
818, PULMICORT
819,XIETY 10 mg 
820,SOOTING CREAM 
821, LICOKALK
822,DIAZEPAM 5 MG
823,OTOPAIN TT
824, CEPEZET 100 MG
825, SANDIMUN NEORAL 50 MG
826,VOUCHER 100.000
827,CEFIXIME SYR 30 ML
829,CEFTUM INJ
830,BELOVA ALOE CLAY MASK
831, SANBE HAIR
833,TEBUS VOUCER 100.000
834, CANDERIN DUO 
837, TRAJENTA DUO 2.5 MG/500 MG 
838,HAIR SERUM PRIA 60ML
839,TOTE BAG
840, BELOVA POUCH GOLD
841, PAYUNG
842, MELOXICAM 7.5 MG
844,BELOVA CLAY MASK PEARL GLOW
845,LE MINERAL
846,PROFILAS SYR
847,TEMPRA FORTE SYR 60 ML
850,\SPUIT TERUMO 1 CC
851,MELOXICAM 15 MG
852,RETINOL PEEL BAHAN BAKU
853,CEFAT FORTE DRY SIRUP 60 ML
854, TRIMETAZIDIN 10  MG
856,ACYCLOVIR 5 GRAM CREAM
857,SALEP RACIK ACYCLOVIR
858,BUFACOMB
859,SALEP RACIK KCD
861, FORCE D 5000 IU
862, THROMBOPHOB OINTMENT 15 CREAM TUBE
863, THROMBOPHOB GEL TUBE 5 gr
864,SULFITIS 500 mg 
865, BELOVA CREAM EXCEMA 30GR
866,ONDANSETRON 4 MG INJ
867,SPUIT TERUMO 1 CC
868,SALBUTAMOL 4 MG
869,SOTATIC TABLET
870,BELOVA NECK SCRUB
872,KITODERM NEUTRALIZER 100 ML
873,MULTIVITAMIN
874, SALEP ANTI BIOTIK 5GR
875,GENTAMICIN 0.1& ZK
877,VOLTAREN GEL 20 G
882,CETINAL SYR
883,SNMC
884,DETRUSITOL 2 MG
885,RHINOFED SYR 60 ML
886,HALOPERIDOL 1.5 MG
887,BELOVA MALAM AA1 (ACNE TOTOL)
890,CEFADROXIL 125 MG/60 ML
891,DOMPERIDON SYR 60 ML
892,ALLOPURINOL 300 MG
895, PRE-PEEL CLEANSER
896,BICROLID 500 mg 
897,MXN 400 MG
898, VENTOLIN 2.5 NEBULES
899,MEMBER BELOVA SKIN & BEAUTY CENTER (FREE POUCH)
900, ANtISEPTIC SOLUTIUON
901,SANBE IVY 120 ML
903,BELOVA BRIGHTENING CERAMIDE
905,OBAT JERAWAT
906,TERUMO 5 CC
907,TERUMO 10 CC
908,TERUMO 3 CC
909, ASCORBIC ACID 1G/5ML
910,MIKROMIST DEWASA
911,RANITIDIN TAB
912,KERTAS PUYER
913, INJECTION PLUG
914, VAXIGRIP TETRA SH
915,ALBOTHYL CONCENTRATE 10 ML
916, THREEWAY STOPCOCK
917,NACL 500 ML
918, SALEP GATAL 30GR
919, BELOVA DAY CREAM RACIK
920,CREAM RACIK
921,BELOVA RACIK AHA CERA
922,MANDELIC+CITRIC ACID 30%
923, APHRODERMA NIGRA LIGHTENING CREAM
924, VOLTAREN GEL 10 G
925,VOLTAREN GEL 50 G
926,DESOLEX CREAM
928,VITACID CREAM 0.05%
930,ANTI INFLAMASI 2
931, KETOMED SS
932,NEBACETIN POWDER
933,SCABIMITE CREAM 30 G
934, KALIUM DIKLOFENAK 50 MG
935, HELIATECH LOTION
936,SYMBICORT TURBUHALER 160/120
939,DERMAHEAL SB
944,ATORVASTATIN 10 MG
945,AMOXICILLIN DS 125 MG/5 ML
948,OMEPRAZOLE CAP
949,KOLICGON 
950, DOLONES CREAM
951,DIAZEPAM 2 MG
952,VALISANBE 5 MG
953,FASIDOL FORTE 650 MG
954,METOCLOPRAMIDE HCL INJ
955,METHYLPREDNISOLON 125 MG INJEKSI
956,UMARON
957, OCTALBIN 25% 100 CC
958,SUCRALFAT SUSP 500 MG/ML
959,DEX 40% 25 ML
960,NEUROAID II MLC 901
961,CREAM ANTI IRITASI 30GR
962, TCA 20% SOLUTION
966, VITAMIN D
967,SALEP ANTIBIOTIK
968,FUNGAL CREAM 30 GRAM
969,INERSON SALEP 15 GRAM
970, POT 30 GRAM
971,FORCE D 1000 IU
973, MEPTIN 0.05 mg TABLET
974,DIPHENHYDRAMINE HCL 10 MG/ML INJ
983, CARMED 20%
984,FARBIVENT
989,STESOLID INJ
990,AMOXSAN DRY SYRUP
991,FURAMIN INJECTION
992,KALQUEST
993, VAKSIN PREVENAR
995,AMOXSAN FORTE DS
997,INFUS SET*
1000,BELOVA CREAM RACIK WAJAH RJ
1001,BELOVA CREAM RACIK BADAN RJ
1002, CLINIMIX
1003,CLINOLEIC
1004, SPARKLING GEL
1005,SPARKLING GEL PAKET
1006, SALEP & OBAT MINUM
1007, INTRASIT GEL
1008,SANPRIMA FORTE
1010,SPORETIK 100 MG 
1011,RIFASTAR TAB
1012,LAZ 30 MG
1014, ATAROC 25 MCG
1015,FUROSEMIDE 40 MG TAB
1016,HI-MG 200 MG
1017,BHP
1020,SPUIT TERUMO 1 CC
1021,GENTAMYCYN INJ
1022,HYDROCORTISONE 1% 5 GRAM
1023,PARIET 10 MG
1025,DEXTEEM PLUS
1026,BELOVA KAPSUL ACNE I
1030,BELOVA CLEANSER
1032, BELOVA CREAM RACIK
1033, BOTOX ALERGAN
1034,BOTOX KOREA BOTULAX
1035,SPORETIK 200MG
1037, TWO WAY CAKE BEIGE (03)
1038, TWO WAY CAKE NATURAL
1039,CREAM RACIK 10 GRAM
1040, VICTOZA FlexPen
1041,PROVE VIT 757 MG
1042, MICONAZOLE CREAM 2%
1045,DUO TAWAS
1047, BELOVA CREAM RACIK KB-N
1050,BELOVA RETINOL CREAM
1051,TRILAC TABLET
1057, ERPHAFILIN TABLET
1059, COTTON SWAB
1064,OPSITE 6.5 X 5 CM
1067,NORESTIL TABLET
1069,GRAPHA E 400 IU
1071,VITOCAR
1076,VITAMIN E 400 IU
1077, GLUSHINE-X
1078, FOLIMID 
1079,VITOCAR
1080,LIPPOLAB
1081,OMEGA
1099,EYE CREAM 5 GR
1100,DESOXIMETASONE 0.25 CREAM
1102,EXAFLAM 25 MG
1105,PROBIOTIK
1106,GASTROPROTECTOR
1109,GLUCOPHAGE XR 1000 MG 
1112,LAXADIN SYR
1114,BELOVA BRIGHTENING SERIES PAKET
1115,BELOVA ACNE SERIES PAKET
1116,OBAT ANTI ACNE & INFLAMASI
1117, BUDESMA 0.25MG/ML
1121,BELOVA SERUM ACNE
1124, SANKORBIN INJEKSI
1125,SANKORBIN INJEKSI
1126,BELOVA PAKET SELANGKANGAN
1128,QV CREAM 100 GR
1129,QV SKIN LOTION 500 ML
1130,CODIKAF 20 MG
1132,BIOSAN
1133, ACNE SERUM RACIK
1134,OXOFERIN
1135, POUCH HOLOGRAM BELOVA (FAMILIA)
1136,TUMBLER BELOVA (FAMILIA)
1137, BELOVA ACNE NIGHT CREAM 30G
1140,BELOVA SK LOTION
1141,NACL 1000 ML
1142,CREAM RACIK STEP 1
1143,CREAM RACIK STEP 2
1145,ANTI BAKTERI
1146,ANTI RADANG
1148, PLASMINEX INJEKSI
1149, RELAXON 50 MG
1150,SANTA E 250 KAPSUL
1151,SANOXICAL KAPSUL
1152,SANTA E 100 KAPSUL
1153, GENTAMYCIN SALEP MATA
1154,Q TEN
1156,TEBUS VOCER -250000
1157,BELOVA AHA 8% 30 G
1158,URIEF 4 MG
1159, URDAHEX 250 mg
1160,SK LOTION STEP 1
1161, SKIN BARIER LOTION
1162,AMPICILLIN 500MG
1164, QV GENTLE WASH 250 G
1165, BELOVA CREAM PUNGGUNG MALAM RACIK
1167,FAT BURNER SUPLEMEN
1168,FAT LOSS SUPLEMEN
1169,RF SKIN TIGHTENING
1170,MAGNESIUM SULFAS 40% INJ
1171,EPISAN SYR 100 mL
1172,SALEP RACIK BN 10 G
1173,CODEIN 20 MG
1174,KAPSUL RACIK
1175, TOPICARE CERAMIDE CR
1176,MEDIRESIX 40 MG
1178, KAPSUL ANTI OKSIDAN OMEGA
1179,BELOVA CREAM PUNGGUNG STEP 2
1180,SULFADIAZINE SILVER
1181,CLANEKSI
1182,VELTHROM 10 MG 
1183,LOPAMID
1184,BELOVA RACIK ARMPIT
1185, SANTA E 250 IU (20 KAPSUL)
1186, BELOVA SK CREAM
1189,ALOCLAIR PLUS GEL 8 ML
1190,TWO WAY CAKE NORMAL RESELLER
1192,PIOGLITAZONE 30 MG 
1194, SERUM SKIN BARRIER
1195,SANMETIDIN 200 MG
1196,MINOSEP OBAT KUMUR 60 ML
1197,PERHIDROL 3% 300 ML
1198,STELAZINE 5 MG
1199,TRACETAT SYR 60 ML
1201, TREMENZA TAB
1202, LEVOFLOXACIN 750 MG/ 150 ML INF
1203, PAKET BRIGHTENING
1204, PAKET ACNE
1205,PAKET BRIGHTENING ACNE
1206, PAKET BRIGHTENING TONE UP
1207, SICLIDON 100 MG
1208,SALBULIN SPRAY
1212,NEBACETIN OINTMENT
1215,FULADIC CREAM 5 GRAM
1216,TOPICARE CERAMIDE 15 G
1217,CREAM RACIK COUTER DC
1218,MODEXA
1219," MEPTIN MINI 0,025 mg"
1220, CEFIXIME 200 MG
1222, COLCHICINE 0.5 MG
1223, FORIXTRA 2.5 MG
1224, ALBOTHYL 5 ML
1226,MINOSEP OBAT KUMUR 0.2% 200 ML
1228,NEUROSANBE PLUS
1229,VILDAGLIPTIN 50 MG
1230,FLAGYSTATIN OVULA
1237,PRIMOLUT N 
1238,LITRAMED ANAESTHETIC PEEL
1240, CETIRIZIN SYR 60 ML
1241,KAPSUL DIET
1242,ANTI IRITASI
1243,MASKER KERING SPARKLING
1244,TRANSOFIX
1245,MONARIN FC 10 MG 
1246, KAPSUL RACIK BP. SUHARDI
1247,PAKET POWER ACNE RANGER BASIC
1250,KAPSUL ANTI OKSIDAN OMEGA 15
1257,MEPROCE 1000 INJ
1258,THERASKIN PEELING GA 30% 100 ML
1260, ALLOGON
1261,SALEP CACAR AIR G33
1263,RIFAMPICIN 450 MG
1264,LIXIANA 60 MG 
1265,HANDSCHOON STERIL MAXTER NO.7
1266,FLUOXETINE HCL 20MG
1267,POWEROKSI TAB
1269, TRICHODAZOLE INFUS
1270,FLUCONAZOLE INF
1271,BOX GOLD SERUM
1272,STIKER GOLD SERUM
1274, BELOVA SOOTHING CREAM RACIK
1275, MONURIL 3 G
1276,FLUIMUCIL EFF
1277, FLUIMUCIL GRANUL 600 
1278, HERCLOV
1280,REDNESS ID
1281,SANTA E 250 IU
1283,MESOSTABYL AMPOULES
1284,L-CARNITINE AMPOULES 5 ML
1286, CYS-EC CREAM
1288,CEDOCARD 5 MG 
1291,ALBENDAZOL 400 MG TAB
1296,LITRAMED ANASTHETIC PEEL 1/2 TUBE
1297,FACE NADE
1298,A99 AKN-ID
1299,DNA Pept-HA
1300,XEROSKIN-ID
1301,CYNARA PLUS+
1302,MCA 35
1303,SKIN RECOVERY
1305,MONURIL GRANULE 3 G
1306,KAPSUL RACIK
1307,ERYTHROMYCIN 500 MG
1308,BAQUINOR 200 MG INFUS
1309, SPORETIK 200 MG 
1311,LAMESON 16 MG TAB
1313,PROVE-C 1000
1314,CORALAN 5 MG
1315,PERMETHRIN KRIM 5%
1317,KAPSUL SESAK NEW
1318,IMMORTAL ESSENTIAL INTENSE PINK LIP
1319,CREAM RACIK
1320,VELACOM PLUS 2/500
1322,CERNEVIT Injeksi
1324,NORIT
1328,IMITATIN INJ
1332, ASAM TRANEXAMAT 500 MG TAB
1333, F1 CAP
1334,M CAP
1335,DO CAP
1338,SURFLO/ABOCATH 22
1342,NOVOFINE 32G 4MM
1343,TRIACILON KRIM 10 G
1344, BALANS
1351, SALEP RACIK BI
1355,IMUNPED SYRUP
1357, GLYXAMBI 10+5 MG*
1358,CARVILOL 6.25 MG 
1359,POT KACA 15 G FROSTED SILVER
1360,BOTOL KACA 20 ML BAHU DATAR
1361,LITRAMED ANAESTHETIC PEEL OF TUBE/25 G
1362,EYE CONTOUR
1363,MAXSLIM KAPSUL
1365, PROTASON KRIM 10 G
1366,MONURIL GRANULE 3 G
1376,ORNISPAR SACHET
1377,A200 KAPSUL ANTI BIOTIK
1378," KCL 7,46%"
1380,BALANS
1381,NITROKAF RETARD FORTE
1382,
1384,TRAMADOL 100 MG INJ
1385,XENICAL 120MG
1387,DOPAMIN 200 MG INJ
1388,AMINOPHYLLIN 240 MG INJ
1392,PROTOFEN SUPP
1394,SALEP RACIK IN BN
1395,KAPSUL DIET NEW
1396, SALEP RACIK
1398,STESOLID RECTAL 10 MG
1402,VALISANBE 10 MG INJ
1403,DUMIN RT 125 MG
1404,VIT K 10 MG INJ
1405,VITADION 2 MG INJ
1406,EPINEFPHRINE 1 MG INJ
1409,KITODERM ACNE PEEL 100G
1410,MEIACT
1411, VILDI TAB 50MG 
1412, SALEP RACIK IN GM 2911
1415,KAPSUL ANTI OXIDAN 1
1416,MUPIROCIN 2% 5 GRAM CREAM
1417,MEDIKLIN
1419,RYVEL SYRUP
1420,BOTOL KAPSUL
1423,WINTUELL
1427, SALEP RACIK BN4
1428,JARDIANCE 10 MG FCT
1429,JARDIANCE 25 MG FCT
1430,DERMAFIX
1431,BOTOL OBAT
1433,IKALEP 250MG
1437,"HALOPERIDOL 0,5 MG"
1440,POT 10GR
1444,MEROPENEM INJ
1445,ACNE PACKAGE 3PCS
1446, ASTHAXATINE
1448,LASMALIN 2.5 MG
1449,MESSAGE CREAM 250GR
1450,MEMBER BLACK CARD
1451,SPIOLTO RESPIMAT 2.5MCG
1452,VITAZYM PLUS
1455, SANCOSTEIN 300 mg KAP
1456,PLANTACID FORTE 100CC
1457,CREAM MALAM 453 - 03
1468, SERUM 2267
1473,C-05-E
1474, C-02-B
1475, C-04-C
1476, C-01-A
1477,C-01-B
1478,C-03-C
1479, C-04-B
1480, C-01-C
1481,C-02-A
1482,C-03-A
1483,C-03-B
1484, C-03-D
1485, C-03-E
1486, C-03-F
1487,C-04-AC
1488, C-04-E
1489,S-03-A
1490,S-03-B
1491, S-04-A
1492,S-04-B
1493, C-01-D
1494,RG-CHOLINE SYR
1495,VOUCHER MEMBER GET MEMBER
1496,SALEP RACIK IN GN
1497, SCOPMA PLUS
1498,C-04-F
1499,TRELEGY INHALATION
1502, EZEFER 10MG
1503,C-04-F
1504,C-04-H
1505,C-01-E
1506,C-01-R
1507,S-04-C
1508, SOD 1
1509,SOD 2
1510,SUPLEMENT FUNGAL ACNE
1511,C-01-F CREAM FUNGAL
1513,TENSOCREPE
1514,C-01-F
1515,C-01-G
1516,C-03-G
1517,C-03-H
1518,F-01-A
1519,T-01-A
1520,ANALSIK TAB
1524,NEFROFER 100MG INJ
1525,C-03-I
1526,C-04-I
1527,C-01-H
1528,C-01-I
1529,C-04-J
1530,C-01-J
1531,SALEP RACIK
1532,C-03-J
1533,CREAM 3046
1534,KAPSUL ANTIBIOTIK
1535, ANTI RADANG
1536,SOD 5PCS
1537,C-01-K
1538,ACNE VIT
1539,KAPSUL RACIK ACNE
1540,SALEP JAMUR
1541,C-04-K
1542,DIVITI PFS 2.5 MG/0.5 ML
1543,C-01-L
1544,SALEP GATAL RACIK
1545,TWO WAY CAKE BEIGE
1546,INVICLOT INJ
1547,C-04-L
1548,PROXIME
1549,AO SOD 3
1550,C-04-M
1551,SALEP ANTIBIOTIK
1552,AO SOD 4
1553,C-03-M
1556,LEVOFLOXACIN 500 MG INJEKSI
1557,C-03-K
1558,C-04-N
1559,CEFIXIME 200 MG
1560, CLINDAMYCIN 300MG
1561,ULSIDEX
1562,C-03-N
1563, SUPLEMEN DIET 1 MINGGU
1565,C-03-O
1566,C-04-O
1567,NEXURIN 
1568,AO SOD 4
1569,CINAM INJ
1570,C-04-P
1571,SPARKLING
1572,MTW (30)
1573, DIVALPROEX SODIUM 250 MG
1574,C-04-Q
1575,C-03-P
1576,SALEP RACIK
1577,ANVOMER TAB
1579,KAPSUL SOD
1580,C-03-Q
1581,AZOMAX 500 MG
1582,C-04-R
1583,TAB ANTI RADANG
1584,C-04-S
1586,MASKER SPARKLING
1587,C-01-O
1588,C-03-S
1589, KAP TRX (30)
1590,C-03-R
1591,CEFTIZOXIME 1 GR INJ
1592,LANAKELOID CREAM 10GR
1593,C-04-T
1594,LIPROQY
1595,S-01-A
1596,Q TEN-ANTIOKSIDAN
1597,Q TEN-ANTIOKSIDAN*
1598,OXYGEN
1599,C-01-P
1600,SALEP KELOID
1601,SUPLEMENT ACNE(30KAP)
1602,C-04-U
1603,C-04-V
1604,C-03-T
1605,SALEP RACIK
1606,SALEP RACIK
1607,C-04-W
1608,Q120
1609,S-03-C
1610,C-03-U
1611,Q TEN ANTIOKSIDAN 1
1612,C-03-V
1613,SOD 4
1614, LEVOCIN INFUS
1615,ULTRAPROCT N CREAM
1616,C-02- B 30GR
1617,Q 200 (30)
1618,C-04-X
1619,SR-03-A
1620,CREAM ANTI IRITASI PAGI
1621, CREAM ANTI IRITASI MALAM
1622,ALGANAX 0.5 MG 
1623,FLEET ENEMA
1624,FAKTU SUPP
1625,C-03-X
1626,C-03-L
1627,SANOXICAL KAPSUL
1629,C-01-U
1630,C-03-Y
1631,L-01-A
1632,L-01-B
1633,Acetylsistein 200 Mg Inhealth
1634,Adalat Oros Inhealth
1635,Allopurinol 100 Inhealth
1636,Allopurinol 300 Inhealth
1637,AmLodipin 10 Inhealth
1638,AmLodipin 5 Inhealth
1639,Amoxicicillin 500 Inhealth
1640,Aspilet Inhealth
1641,Atorvastatin 10 Inhealth
1642,Atorvastatin 20 Inhealth
1643,Avodart Inhealth
1644,Azomax Sirup Inhealth
1645,Azithromycin 500 MG Inhealth
1646,Betason- N Inhealth
1647,Bisoprolol 5Mg Inhealth
1648,Braxidin Inhealth
1649,Briclot Inhealth
1650,Canderin 16 Mg Inhealth
1651,Canderin 8 Inhealth
1652,Cedocard 5 Mg Inhealth
1653,Cefixime 100Mg Inhealth
1654,Cefixime 200Mg Inhealth
1655,Ceftriaxone Inj 1 G Inhealth
1656,Cendo Cenfresh Tm Inhealth
1657,Cendo Lyteers Tm Inhealth
1658,Cepezet 100 Mg Inhealth
1659,Cinam Inj Inhealth
1660,Ciprofloxacin 500Mg Inhealth
1661,Claneksi Inhealth
1662,Clonidine Inhealth
1663,Codein Phosphate 20 Mg Inhealth
1664,Combivent Inhealth
1665,"Concor 1,25 Mg Inhealth"
1666,Coralan Inhealth
1667,Diclofenac Potassium Inhealth
1668,"Diviti Pfs 2,5Mg/0,5Ml Inhealth"
1669,Domperidon Inhealth
1670,Euthyrox 100 Inhealth
1671,Ezefer 10Mg Inhealth
1672,Fenofibrate 100 Inhealth
1673,Fenofibrate 300 Inhealth
1674,Fluimucil Injeksi Inhealth
1675,Fluimucil Sirup Inhealth
1676,Force-D 1000 IU Inhealth
1677,Forxiga 10 Mg Inhealth
1678,Glimepirid 1 Mg Inhealth
1679,Glimepirid 2Mg Inhealth
1680,Glimepirid 3Mg Inhealth
1681,Glimepirid 4Mg Inhealth
1682,Gliquidon Inhealth
1683,Glucodex 80 Inhealth
1684,Glucophage Xr 1000 Inhealth
1685,Glucophage Xr 500 Inhealth
1686,Glucophage Xr 750 Inhealth
1687,Glumin Xr 750 Inhealth
1688,Paracetamol 500 Mg Inhealth
1689,Hexymer 2 Mg Inhealth
1690,Hyoscine Injeksi Inhealth
1691,Hytroz 2 Inhealth
1692,Ikalep Kaps 250Mg Inhealth
1693,Inerson 15 gram Inhealth
1694,Iron Sucrose Inj Inhealth
1695,"Jardiance Duo 12,5/1000 Mg Inhealth"
1696,Kalnex Inhealth
1697,Kendaron Inhealth
1698,Ketoconazole 2% 10 gram Inhealth
1699,Ketoconazole 200 Inhealth
1700,Ketoprofen 100 mg Inhealth
1701,Ketorolac Injeksi Inhealth
1702,Kompolax Emulsi Inhealth
1703,Ksr Inhealth
1704,Lacidofil Cap Inhealth
1705,Lansoprazole Inhealth
1706,Leparson Inhealth
1707,Levofloxacin Inhealth
1708,Lidocain Inj Inhealth
1709,Lixiana 60 Mg Inhealth
1710,Meloxicam 15 Mg Inhealth
1711,"Meloxicam 7,5 Mg Inhealth"
1712,Metformin 500 Mg Inhealth
1713,Metoclopramid Injeksi Inhealth
1714,Monarin Fc 10Mg Inhealth
1715,Monuril Inhealth
1716,Mst 10 Mg Inhealth
1717,Mupirocin Zalf 2% 10 gram Inhealth
1718,Mupirocin Zalf 2% 5 gram Inhealth
1719,Nexurin Inhealth
1720,Nevodio Inhealth
1721,Omeprazole Inhealth
1722,Ondansentron 4 Mg Injeksi Inhealth
1723,Ondansentron 8 Mg Injeksi Inhealth
1724,Phenytoin 100 Mg Inhealth
1725,"Pulmicort 0,25/2mL Inhealth"
1726,Ramipril 10 Inhealth
1727,Ranitidine Inhealth
1728,Reinpid Inhealth
1729,Relaxon Inhealth
1730,Repimide Inhealth
1731,Respira Inhealth
1732,Rhinofed Inhealth
1733,Rhinos Sr Inhealth
1734,Rifampicin 450 Inhealth
1735,Sandepril 50 Mg Inhealth
1736,Thyrozol 10 Mg Inhealth
1737,"Trajenta Duo 2,5/500 Inhealth"
1738,Tramadol 50 Mg Inhealth
1739,Tranexamid Acid Injeksi Inhealth
1740,Tremenza Inhealth
1741,Triamcinolone 4 Mg Inhealth
1742,Ulsidex Inhealth
1743,Urdahex Inhealth
1744,Urief Inhealth
1745,Urinter Inhealth
1746,Valisanbe 5 Mg Inhealth
1747,VECTRIN KAP - ERDOSTEIN 300 MG - INHEALTH
1748,Velthrom 5 Mg Inhealth
1749,Vildi Inhealth
1750,Vomizole 20 Mg Inhealth
1751,Zegavit Inhealth
1752,Ventolin Inhaler CFC Free Glax InHealth
1753,Deculin 15 mg InHealth
1754,Coxiron 60 mg Inhealth
1755,Coxiron 90 mg Inhealth
1756,Coxiron 120 mg Inhealth
1757,Esoferr 40 mg Inhealth
1758,Lipitor 20 mg Inhealth
1759,Lipitor 40 mg Inhealth
1760,Maltofer Chew Inhealth
1761,Provelyn 75 mg Inhealth
1762,Pariet 20 mg Inhealth
1763,Pariet 10 mg Inhealth
1764,Telsat 80/5 mg Inhealth
1765,Ezefer 10 mg Inhealth
1766,"Harnal Ocas 0,4 mcg"
1767,Cetirizin 10 mg
1768,EPERISONE 50 MG
1769,Festaric 80 mg INHEALTH
1770,MODEXA NASSAL SPRAY
1771,MERTIGO SR INHEALTH
1772,LACIDOFIL KAPSUL
1773,TRADOSIK 50 MG
1774,EPRINOC 50 MG
1775,MEGABAL 500 MCG
1776,EPEXOL 30 MG
1777,LEVOCIN 500 MG
1778,TOPCORT CREAM 10 GRAM
1779,FLAMAR CREAM 20 GRAM
1780,PREGABALIN 50 MG
1781,VESTEIN DRY SYRUP 175mg/5mL
1782,VESTEIN DRY SYRUP 175mg/5mL- INHEALTH
1783,SANMOL SIRUP Inheath
1784,Interdoxin InHealth 
1785,SPASMAL INHEALTH
1786,AZITRAN 500 MG INHEALTH
1787,SUCRALFATE 100 ML INHEALTH
1788,EPERISONE 50 INHEALTH
1789,CETIRIZINE 10 MG INHEALTH
1790,"HARNAL OCAS 0,4 MG INHEALTH"
1791,MERTIGO SR INHEALTH
1792,PROVE D INHEALTH
1793,SANMOL 500 MG INHEALTH
1794,SIMVASTATIN 10 MG INHEALTH
1795,MODEXA 140 DOSIS INHEALTH
1796,NELANDOZ 2 MG INHEALTH
1797,ELKANA TAB INHEALTH
1798,NEUROSANBE INHEALTH
2000,ORINOX 60MG 
2001,PROBIOSTIM
2002,AZOMAX DRY SIRUP 15 ML
2003,NESFOL 45 ML
2125,KENALOG ORAL BASE
2129,AZITROMICIN DRY SIRUP
2130,ASCARDIA 80 MG 
2131,BURNAZIN 1% KRIM -INHEALTH
2132,CIALIS TAB
2133,CADUET 10/10 MG 
2134,COXIRON 90 MG (UMUM)
2135,DAFOXA 10 MG 
2136,ERKOLIN TABLET
2137,EPISAN 500 MG 
2138,FOLAVIT 1 MG
2139,FARSIX Injeksi
2140,INFLUVAC TETRA 
2141,KALTROFEN KRIM - INHEALTH
2142,LAPRAZ 30 MG
2143,LYRICA 75 Mg IINHEALTH
2144,Maltofer Chewy
2145,NORVASK 5 MG - INHEALTH
2146,NIACEF GEL 
2147,NOSPIRINAL 80 MG 
2148,ONDANE 4 MG TAB 
2149,Ondane 4 2mg/mL
2150,PALENOX GEL
2151,PRO TB 2 DD 
2152,Revolan 800 mg
2153,Revolan 1200
2154,REBAMIPIDE 100 MG
2155,SIRPLUS
2156,SINOCORT 4 MG 
2157,SULFASALAZIN TABLET
2158,Sucralfate 500 mg Tab
2159,SANADRYL EKSPEKTORAN 120 ML
2160,SECRETOME
2161,SANMOL FORTE  650 MG
2162,TRADOSIK INJEKSI
2163,TRAMADOL 100MG INJ
2164,VOSEDON 10 MG 
2165,VOMETRAZ 4 MG TAB INHEALTH
2166,VOLTADEX 50 MG INHEALTH 
2167,VECTRIN DRY SIRUP
2168,ZEGAVIT TABLET
2169,SERETIDE INHALER
2170,VELUTIN NEBULES
2171,APETIC SIRUP
2172,APETIC DROP
2173,APETIC SIRUP FORTE
2174,ERKOLIN SYR
2175,PARACETAMOL SIRUP
2176,"BENZOLAC 2,5 % cream"
2177,BERLOSON N CREAM
2178,C.XITROL MD
2179,C.LYTTERS MD
2180,KETOMED CREAM
2181,SORALEN 15 ML
2182,MOMETHASON CREAM 5 G
2183,V18 VITACID CREAM 0.1%
2184,VITAQUIN CREAM 4 %
2185,ZELFACE CREAM
2186,GLUBIO
2187,"J03 JARDIANCE DUO 12,5/850 MG "
2188,DICLOFENAC POTASSIUM
2189,AMINOPHYLLIN Tablet
2190,BIFERCE EFF
2191,DOXIHAT 100 mg
2192,LUPRED
2193,OTTOPAIN TT
2194,BIOXINE SHAMPOO 300 ML
2195,KALXETIN 20MG 
2196,PHENITOIN 100 MG 
2197,MYONAL 50 MG
2198,S-03-H / HYALUDERM
2199,BABY DE 30 ML
2200,BABY DE 60 ML
2201,ETHAMBUTOL 500 MG
2202,CERINI 10 MG
2203,VELTHROM 5 MG
2204,PROBIOKID
2205,RENXAMIN INFUS
2206,CODEIN PHOSPHATE 20 MG - Reguler
2207,HA MOIST PRO C
2208,VALISANBE 2 MG
2209,CLOBAZAM 10 MG - INHEALTH
2210,TRIFLUOPERAZINE
2211,"EFESA0,3 MG/0,3 ML"
2212,HERBESSER CD 200 - Inhealth
2213,HEMAPO 2000 UI
2214,METHYLPREDNISOLON 4 MG - Inhealth
2215,CLOPIDOGREL 75MG - Inhealth
2216,ULTRAPROCT N CREAM - INHEALTH
2217,INFUS D5
2218,VESTEIN KAPSUL - INHEALTH
2219,VESTEIN SIRUP KERING - INHEALTH
2220,TERFACEF INJEKSI
2221,PHYTOMENADION INJEKSI
2222,ULVICE INJ
2223,BEAULASH EYNERGIZING GEL
2224,SHOWER OIL UFI
2225,LANZOX INJ
2226,BIENOX INJ
2227,SKIN BRIGHT GOLD SERUM
2228,CREAM PAGI CERAMIDE
2229,FAT BLOCKER
2230,META BALANCE
2231,CARNIFT BOOST
2232,Cream Acne Pagi
2233,Bioenzim Peel
2234,Cream Cera Tranex HR
2235,ZINC PLUS FOR ACNE
2236,NATRIUM 500 MG
2237,Moisturizer For Dry Skin
2238,ANTI IRITASI MS
2239,ACNE DAY CREAM
2240,SEQUEST SACHET
2241,CREAM DNA - AHA
2242,KAPSUL NACL
2243,Suplemen slimming 1 minggu
2244,DNA - CERA
2245,DNA-RN-DES
2246,KRIM LIPATAN K
2247,GEN B
2248,CREAM TRANEX - AHA
2249,AA1 + CERAMIDE
2250,DNA - AHA
2251,SKIN BRIGHT LOOSE POWDER FOR OILY SKIN
2252,SKIN BRIGHT LOOSE POWDER FOR LIGHTENING
2253,C-04-CA
2254,SERUM MARINE GOLD ESSENCE
2255,MEMBER MI FAMILIA
2256,PLASMINEX 500 MG 
2257,Sunscreen Spray with Microbiome 60 ml
2258,MEFINAL 500 MG TABLET
2259,CREAM TLA - AHA
2260,DNA SALMON CR (Murni)
2261,SKINTECH MASKER
2262,CYSTEAMINE CREAM
2263,FOLLEY CATHETER 16
2264,FOLLEY CHATETER 14
2265,FOLLEY CATHETER 18
2266,BELOVA FACIAL SCRUB 30 ML
2267,CREAM AHA - DES
2268,NACL 3% 500 ML
2269,FLUIMUCYL NEBULES
2270,HYDROMAL INFUS
2271,CERA - ACNE
2272,CERAMIDE CR 14 gr
2273,URIAGE EAU THERMAL WATER
2274,Cera-Des-Acne
2275,Cera-Des-Acne-Tret
2276,FORTI-D SYR
2277,SERUM NIGHT SURFACING (MTX)
2278,ANGINTRIZ MR
2279,OBATBARU-TEST01
2280,MUCOSTA 100 MG
2281,KAPSUL ACNE PINK
2282,KAPSUL PROBIO
2283,MEYLON 25 ML
2284,MUCOSTA -100 mg-Inhealth
2285,VOMETA SIRUP 60 ML
2286,VOMETA SIRUP 60 ML
2287,FORXIGA 10 mg -Inhealth
2288,HYPAFIX 10x5x1 cm
2289,DERMAFIX 5X7 CM
2290,